{
  "train": {
    "length_stats": {
      "native_length_dist": {
        "1": 18,
        "2": 336,
        "3": 6372,
        "4": 32589,
        "5": 94070,
        "6": 143778,
        "7": 175292,
        "8": 177799,
        "9": 162170,
        "10": 135847,
        "11": 105565,
        "12": 75437,
        "13": 49971,
        "14": 31362,
        "15": 18533,
        "16": 10792,
        "17": 6031,
        "18": 3374,
        "19": 1824,
        "20": 162,
        "21": 36,
        "22": 42,
        "23": 12,
        "24": 3,
        "25": 5,
        "26": 4,
        "27": 1,
        "29": 1,
        "30": 2
      },
      "english_length_dist": {
        "1": 15,
        "2": 131,
        "3": 4591,
        "4": 19372,
        "5": 67005,
        "6": 121809,
        "7": 157820,
        "8": 166432,
        "9": 159358,
        "10": 144363,
        "11": 118600,
        "12": 92336,
        "13": 66196,
        "14": 44195,
        "15": 28211,
        "16": 17235,
        "17": 10364,
        "18": 6160,
        "19": 3507,
        "20": 1951,
        "21": 946,
        "22": 486,
        "23": 211,
        "24": 90,
        "25": 33,
        "26": 4,
        "27": 3,
        "28": 4
      },
      "avg_native_length": 8.737791409647986,
      "avg_english_length": 9.333646790555354,
      "total_words": 1231428,
      "total_pairs": 1231428,
      "missing_fields": {
        "native": 0,
        "english": 0
      }
    },
    "char_stats": {
      "native_charset": [
        "।",
        "ঁ",
        "ং",
        "ঃ",
        "অ",
        "আ",
        "ই",
        "ঈ",
        "উ",
        "ঊ",
        "ঋ",
        "এ",
        "ঐ",
        "ও",
        "ঔ",
        "ক",
        "খ",
        "গ",
        "ঘ",
        "ঙ",
        "চ",
        "ছ",
        "জ",
        "ঝ",
        "ঞ",
        "ট",
        "ঠ",
        "ড",
        "ঢ",
        "ণ",
        "ত",
        "থ",
        "দ",
        "ধ",
        "ন",
        "প",
        "ফ",
        "ব",
        "ভ",
        "ম",
        "য",
        "র",
        "ল",
        "শ",
        "ষ",
        "স",
        "হ",
        "়",
        "া",
        "ি",
        "ী",
        "ু",
        "ূ",
        "ৃ",
        "ে",
        "ৈ",
        "ো",
        "ৌ",
        "্",
        "ৎ",
        "২"
      ],
      "english_charset": [
        "a",
        "b",
        "c",
        "d",
        "e",
        "f",
        "g",
        "h",
        "i",
        "j",
        "k",
        "l",
        "m",
        "n",
        "o",
        "p",
        "q",
        "r",
        "s",
        "t",
        "u",
        "v",
        "w",
        "x",
        "y",
        "z"
      ],
      "native_charset_size": 61,
      "english_charset_size": 26
    },
    "source_stats": {
      "Dakshina": 76330,
      "AK-Freq": 7365,
      "Existing": 5478,
      "Wikidata": 18249,
      "Samanantar": 114558,
      "IndicCorp": 1009448
    },
    "score_stats": {
      "min_score": -0.3499993533,
      "max_score": -0.0028458156,
      "mean_score": -0.1800258891520955,
      "median_score": -0.16802531295,
      "total_scores": 1009448,
      "missing_scores": 221980
    }
  },
  "test": {
    "length_stats": {
      "native_length_dist": {
        "1": 3,
        "2": 94,
        "3": 504,
        "4": 1311,
        "5": 2155,
        "6": 2269,
        "7": 2314,
        "8": 1653,
        "9": 1347,
        "10": 853,
        "11": 639,
        "12": 406,
        "13": 247,
        "14": 137,
        "15": 102,
        "16": 53,
        "17": 44,
        "18": 17,
        "19": 14,
        "20": 5
      },
      "english_length_dist": {
        "2": 17,
        "3": 169,
        "4": 706,
        "5": 1463,
        "6": 2116,
        "7": 2109,
        "8": 1885,
        "9": 1662,
        "10": 1254,
        "11": 945,
        "12": 574,
        "13": 394,
        "14": 308,
        "15": 194,
        "16": 120,
        "17": 92,
        "18": 60,
        "19": 27,
        "20": 30,
        "21": 14,
        "22": 11,
        "23": 6,
        "24": 4,
        "25": 3,
        "26": 1,
        "27": 2
      },
      "avg_native_length": 7.216700783510976,
      "avg_english_length": 8.255400254129606,
      "total_words": 14166,
      "total_pairs": 14167,
      "missing_fields": {
        "native": 0,
        "english": 1
      }
    },
    "char_stats": {
      "native_charset": [
        "ঁ",
        "ং",
        "ঃ",
        "অ",
        "আ",
        "ই",
        "ঈ",
        "উ",
        "ঋ",
        "এ",
        "ঐ",
        "ও",
        "ঔ",
        "ক",
        "খ",
        "গ",
        "ঘ",
        "ঙ",
        "চ",
        "ছ",
        "জ",
        "ঝ",
        "ঞ",
        "ট",
        "ঠ",
        "ড",
        "ঢ",
        "ণ",
        "ত",
        "থ",
        "দ",
        "ধ",
        "ন",
        "প",
        "ফ",
        "ব",
        "ভ",
        "ম",
        "য",
        "র",
        "ল",
        "শ",
        "ষ",
        "স",
        "হ",
        "়",
        "া",
        "ি",
        "ী",
        "ু",
        "ূ",
        "ৃ",
        "ে",
        "ৈ",
        "ো",
        "ৌ",
        "্",
        "ৎ"
      ],
      "english_charset": [
        "a",
        "b",
        "c",
        "d",
        "e",
        "f",
        "g",
        "h",
        "i",
        "j",
        "k",
        "l",
        "m",
        "n",
        "o",
        "p",
        "q",
        "r",
        "s",
        "t",
        "u",
        "v",
        "w",
        "x",
        "y",
        "z"
      ],
      "native_charset_size": 58,
      "english_charset_size": 26
    },
    "source_stats": {
      "AK-Freq": 2270,
      "AK-NEF": 1060,
      "AK-NEI": 1639,
      "Dakshina": 9198
    },
    "score_stats": {
      "min_score": null,
      "max_score": null,
      "mean_score": null,
      "median_score": null,
      "total_scores": 0,
      "missing_scores": 14167
    }
  },
  "valid": {
    "length_stats": {
      "native_length_dist": {
        "2": 66,
        "3": 386,
        "4": 963,
        "5": 1731,
        "6": 1781,
        "7": 1831,
        "8": 1459,
        "9": 1148,
        "10": 761,
        "11": 489,
        "12": 227,
        "13": 217,
        "14": 90,
        "15": 58,
        "16": 38,
        "17": 22,
        "18": 4,
        "19": 4,
        "20": 1
      },
      "english_length_dist": {
        "2": 23,
        "3": 128,
        "4": 506,
        "5": 1132,
        "6": 1599,
        "7": 1734,
        "8": 1579,
        "9": 1379,
        "10": 1079,
        "11": 800,
        "12": 518,
        "13": 323,
        "14": 191,
        "15": 129,
        "16": 75,
        "17": 41,
        "18": 27,
        "19": 6,
        "20": 6,
        "22": 1
      },
      "avg_native_length": 7.193863072011352,
      "avg_english_length": 8.171514721532459,
      "total_words": 11276,
      "total_pairs": 11276,
      "missing_fields": {
        "native": 0,
        "english": 0
      }
    },
    "char_stats": {
      "native_charset": [
        "ঁ",
        "ং",
        "ঃ",
        "অ",
        "আ",
        "ই",
        "ঈ",
        "উ",
        "ঋ",
        "এ",
        "ঐ",
        "ও",
        "ঔ",
        "ক",
        "খ",
        "গ",
        "ঘ",
        "ঙ",
        "চ",
        "ছ",
        "জ",
        "ঝ",
        "ঞ",
        "ট",
        "ঠ",
        "ড",
        "ঢ",
        "ণ",
        "ত",
        "থ",
        "দ",
        "ধ",
        "ন",
        "প",
        "ফ",
        "ব",
        "ভ",
        "ম",
        "য",
        "র",
        "ল",
        "শ",
        "ষ",
        "স",
        "হ",
        "়",
        "া",
        "ি",
        "ী",
        "ু",
        "ূ",
        "ৃ",
        "ে",
        "ৈ",
        "ো",
        "ৌ",
        "্",
        "ৎ"
      ],