{
  "train": {
    "length_stats": {
      "native_length_dist": {
        "1": 5,
        "2": 214,
        "3": 5720,
        "4": 34666,
        "5": 92441,
        "6": 152832,
        "7": 179599,
        "8": 185054,
        "9": 151811,
        "10": 120397,
        "11": 84562,
        "12": 56839,
        "13": 35227,
        "14": 20391,
        "15": 11510,
        "16": 6140,
        "17": 3213,
        "18": 1692,
        "19": 885,
        "20": 5,
        "21": 4,
        "22": 3,
        "23": 1,
        "28": 1
      },
      "english_length_dist": {
        "1": 15,
        "2": 108,
        "3": 5032,
        "4": 14493,
        "5": 48195,
        "6": 96072,
        "7": 144756,
        "8": 174856,
        "9": 174829,
        "10": 151399,
        "11": 117686,
        "12": 84061,
        "13": 55739,
        "14": 34409,
        "15": 20113,
        "16": 10796,
        "17": 5667,
        "18": 2704,
        "19": 1232,
        "20": 579,
        "21": 298,
        "22": 120,
        "23": 39,
        "24": 9,
        "25": 3,
        "26": 2
      },
      "avg_native_length": 8.372992935693468,
      "avg_english_length": 9.241047154858416,
      "total_words": 1143212,
      "total_pairs": 1143212,
      "missing_fields": {
        "native": 0,
        "english": 0
      }
    },
    "char_stats": {
      "native_charset": [
        "ઁ",
        "ં",
        "ઃ",
        "અ",
        "આ",
        "ઇ",
        "ઈ",
        "ઉ",
        "ઊ",
        "ઋ",
        "ઍ",
        "એ",
        "ઐ",
        "ઑ",
        "ઓ",
        "ઔ",
        "ક",
        "ખ",
        "ગ",
        "ઘ",
        "ચ",
        "છ",
        "જ",
        "ઝ",
        "ઞ",
        "ટ",
        "ઠ",
        "ડ",
        "ઢ",
        "ણ",
        "ત",
        "થ",
        "દ",
        "ધ",
        "ન",
        "પ",
        "ફ",
        "બ",
        "ભ",
        "મ",
        "ય",
        "ર",
        "લ",
        "ળ",
        "વ",
        "શ",
        "ષ",
        "સ",
        "હ",
        "઼",
        "ા",
        "િ",
        "ી",
        "ુ",
        "ૂ",
        "ૃ",
        "ૅ",
        "ે",
        "ૈ",
        "ૉ",
        "ો",
        "ૌ",
        "્",
        "ૐ",
        "૰"
      ],
      "english_charset": [
        "a",
        "b",
        "c",
        "d",
        "e",
        "f",
        "g",
        "h",
        "i",
        "j",
        "k",
        "l",
        "m",
        "n",
        "o",
        "p",
        "q",
        "r",
        "s",
        "t",
        "u",
        "v",
        "w",
        "x",
        "y",
        "z"
      ],
      "native_charset_size": 65,
      "english_charset_size": 26
    },
    "source_stats": {
      "Dakshina": 86832,
      "AK-Freq": 6129,
      "Existing": 3094,
      "Wikidata": 2240,
      "Samanantar": 31343,
      "IndicCorp": 1013574
    },
    "score_stats": {
      "min_score": -0.3499999903,
      "max_score": -0.0010222837,
      "mean_score": -0.18200359818911072,
      "median_score": -0.1704376098,
      "total_scores": 1013574,
      "missing_scores": 129638
    }
  },
  "test": {
    "length_stats": {
      "native_length_dist": {
        "2": 40,
        "3": 644,
        "4": 1594,
        "5": 2752,
        "6": 3266,
        "7": 2964,
        "8": 2181,
        "9": 1706,
        "10": 981,
        "11": 651,
        "12": 499,
        "13": 270,
        "14": 212,
        "15": 138,
        "16": 82,
        "17": 51,
        "18": 13,
        "19": 23,
        "20": 10
      },
      "english_length_dist": {
        "1": 1,
        "2": 15,
        "3": 154,
        "4": 695,
        "5": 1536,
        "6": 2255,
        "7": 2599,
        "8": 2545,
        "9": 2289,
        "10": 1737,
        "11": 1306,
        "12": 926,
        "13": 655,
        "14": 462,
        "15": 320,
        "16": 183,
        "17": 127,
        "18": 94,
        "19": 72,
        "20": 48,
        "21": 26,
        "22": 20,
        "23": 5,
        "25": 4,
        "26": 3
      },
      "avg_native_length": 7.183216241633015,
      "avg_english_length": 8.665929081152846,
      "total_words": 18077,
      "total_pairs": 18077,
      "missing_fields": {
        "native": 0,
        "english": 0
      }
    },
    "char_stats": {
      "native_charset": [
        "ં",
        "ઃ",
        "અ",
        "આ",
        "ઇ",
        "ઈ",
        "ઉ",
        "ઊ",
        "ઋ",
        "ઍ",
        "એ",
        "ઐ",
        "ઑ",
        "ઓ",
        "ઔ",
        "ક",
        "ખ",
        "ગ",
        "ઘ",
        "ઙ",
        "ચ",
        "છ",
        "જ",
        "ઝ",
        "ઞ",
        "ટ",
        "ઠ",
        "ડ",
        "ઢ",
        "ણ",
        "ત",
        "થ",
        "દ",
        "ધ",
        "ન",
        "પ",
        "ફ",
        "બ",
        "ભ",
        "મ",
        "ય",
        "ર",
        "લ",
        "ળ",
        "વ",
        "શ",
        "ષ",
        "સ",
        "હ",
        "઼",
        "ા",
        "િ",
        "ી",
        "ુ",
        "ૂ",
        "ૃ",
        "ૅ",
        "ે",
        "ૈ",
        "ૉ",
        "ો",
        "ૌ",
        "્",
        "ૠ"
      ],
      "english_charset": [
        "a",
        "b",
        "c",
        "d",
        "e",
        "f",
        "g",
        "h",
        "i",
        "j",
        "k",
        "l",
        "m",
        "n",
        "o",
        "p",
        "q",
        "r",
        "s",
        "t",
        "u",
        "v",
        "w",
        "x",
        "y",
        "z"
      ],
      "native_charset_size": 64,
      "english_charset_size": 26
    },
    "source_stats": {
      "AK-Freq": 5247,
      "AK-NEF": 1006,
      "AK-NEI": 1481,
      "Dakshina": 10343
    },
    "score_stats": {
      "min_score": null,
      "max_score": null,
      "mean_score": null,
      "median_score": null,
      "total_scores": 0,
      "missing_scores": 18077
    }
  },
  "valid": {
    "length_stats": {
      "native_length_dist": {
        "1": 2,
        "2": 63,
        "3": 494,
        "4": 1195,
        "5": 1819,
        "6": 2362,
        "7": 2007,
        "8": 1705,
        "9": 1178,
        "10": 761,
        "11": 478,
        "12": 170,
        "13": 91,
        "14": 60,
        "15": 10,
        "16": 16,
        "17": 5,
        "18": 3
      },
      "english_length_dist": {
        "1": 1,
        "2": 9,
        "3": 170,
        "4": 497,
        "5": 1045,
        "6": 1563,
        "7": 1925,
        "8": 1985,
        "9": 1659,
        "10": 1331,
        "11": 922,
        "12": 617,
        "13": 321,
        "14": 188,
        "15": 105,
        "16": 46,
        "17": 19,
        "18": 7,
        "19": 5,
        "20": 1,
        "21": 2,
        "23": 1
      },
      "avg_native_length": 6.878492632257026,
      "avg_english_length": 8.213785328931476,
      "total_words": 12419,
      "total_pairs": 12419,
      "missing_fields": {
        "native": 0,
        "english": 0
      }
    },
    "char_stats": {
      "native_charset": [
        "ઁ",
        "ં",
        "ઃ",
        "અ",
        "આ",
        "ઇ",
        "ઈ",
        "ઉ",
        "ઊ",
        "ઋ",
        "એ",
        "ઐ",
        "ઑ",
        "ઓ",
        "ક",
        "ખ",
        "ગ",
        "ઘ",
        "ચ",
        "છ",
        "જ",
        "ઝ",
        "ઞ",
        "ટ",
        "ઠ",
        "ડ",
        "ઢ",
        "ણ",
        "ત",
        "થ",
        "દ",
        "ધ",
        "ન",
        "પ",
        "ફ",
        "બ",
        "ભ",
        "મ",
        "ય",
        "ર",
        "લ",
        "ળ",
        "વ",
        "શ",
        "ષ",
        "સ",
        "હ",
        "ા",
        "િ",
        "ી",
        "ુ",
        "ૂ",
        "ૃ",
        "ૅ",
        "ે",
        "ૈ",
        "ૉ",
        "ો",
        "ૌ",
        "્",
        "ૠ"
      ],