{
  "train": {
    "length_stats": {
      "native_length_dist": {
        "1": 30,
        "2": 599,
        "3": 8650,
        "4": 60785,
        "5": 157392,
        "6": 220818,
        "7": 216349,
        "8": 199808,
        "9": 147928,
        "10": 108223,
        "11": 70178,
        "12": 45197,
        "13": 27317,
        "14": 16144,
        "15": 9145,
        "16": 5067,
        "17": 2926,
        "18": 1668,
        "19": 821,
        "20": 59,
        "21": 23,
        "22": 15,
        "23": 6,
        "24": 1,
        "25": 2,
        "26": 3,
        "28": 1
      },
      "english_length_dist": {
        "1": 30,
        "2": 287,
        "3": 8395,
        "4": 30456,
        "5": 84951,
        "6": 156834,
        "7": 200743,
        "8": 203244,
        "9": 179803,
        "10": 142749,
        "11": 102241,
        "12": 70083,
        "13": 46038,
        "14": 29104,
        "15": 18106,
        "16": 10715,
        "17": 6560,
        "18": 3925,
        "19": 2206,
        "20": 1338,
        "21": 726,
        "22": 331,
        "23": 163,
        "24": 82,
        "25": 26,
        "26": 11,
        "27": 3,
        "29": 4,
        "32": 1
      },
      "avg_native_length": 7.789722550427008,
      "avg_english_length": 8.686510077704353,
      "total_words": 1299155,
      "total_pairs": 1299155,
      "missing_fields": {
        "native": 0,
        "english": 0
      }
    },
    "char_stats": {
      "native_charset": [
        "ँ",
        "ं",
        "ः",
        "अ",
        "आ",
        "इ",
        "ई",
        "उ",
        "ऊ",
        "ऋ",
        "ऍ",
        "ए",
        "ऐ",
        "ऑ",
        "ओ",
        "औ",
        "क",
        "ख",
        "ग",
        "घ",
        "ङ",
        "च",
        "छ",
        "ज",
        "झ",
        "ञ",
        "ट",
        "ठ",
        "ड",
        "ढ",
        "ण",
        "त",
        "थ",
        "द",
        "ध",
        "न",
        "प",
        "फ",
        "ब",
        "भ",
        "म",
        "य",
        "र",
        "ल",
        "ळ",
        "व",
        "श",
        "ष",
        "स",
        "ह",
        "़",
        "ऽ",
        "ा",
        "ि",
        "ी",
        "ु",
        "ू",
        "ृ",
        "ॅ",
        "े",
        "ै",
        "ॉ",
        "ॊ",
        "ो",
        "ौ",
        "्",
        "ॐ",
        "ॠ",
        "॥"
      ],
      "english_charset": [
        "a",
        "b",
        "c",
        "d",
        "e",
        "f",
        "g",
        "h",
        "i",
        "j",
        "k",
        "l",
        "m",
        "n",
        "o",
        "p",
        "q",
        "r",
        "s",
        "t",
        "u",
        "v",
        "w",
        "x",
        "y",
        "z"
      ],
      "native_charset_size": 69,
      "english_charset_size": 26
    },
    "source_stats": {
      "Dakshina": 24727,
      "AK-Freq": 9159,
      "Existing": 131773,
      "Wikidata": 24528,
      "Samanantar": 152778,
      "IndicCorp": 956190
    },
    "score_stats": {
      "min_score": -0.3499997109,
      "max_score": -0.0021459482,
      "mean_score": -0.1971927393490849,
      "median_score": -0.19329704344999998,
      "total_scores": 956190,
      "missing_scores": 342965
    }
  },
  "test": {
    "length_stats": {
      "native_length_dist": {
        "1": 2,
        "2": 40,
        "3": 405,
        "4": 1187,
        "5": 1850,
        "6": 1952,
        "7": 1332,
        "8": 1105,
        "9": 724,
        "10": 516,
        "11": 356,
        "12": 212,
        "13": 171,
        "14": 115,
        "15": 65,
        "16": 37,
        "17": 12,
        "18": 16,
        "19": 11,
        "20": 4
      },
      "english_length_dist": {
        "2": 28,
        "3": 177,
        "4": 627,
        "5": 1253,
        "6": 1610,
        "7": 1578,
        "8": 1372,
        "9": 1028,
        "10": 757,
        "11": 557,
        "12": 385,
        "13": 250,
        "14": 166,
        "15": 124,
        "16": 77,
        "17": 44,
        "18": 34,
        "19": 24,
        "20": 4,
        "21": 2,
        "22": 3,
        "23": 7,
        "24": 2,
        "25": 1,
        "26": 2
      },
      "avg_native_length": 6.871835443037975,
      "avg_english_length": 7.868571993670886,
      "total_words": 10112,
      "total_pairs": 10112,
      "missing_fields": {
        "native": 0,
        "english": 0
      }
    },
    "char_stats": {
      "native_charset": [
        "ँ",
        "ं",
        "ः",
        "अ",
        "आ",
        "इ",
        "ई",
        "उ",
        "ऊ",
        "ऋ",
        "ए",
        "ऐ",
        "ऑ",
        "ओ",
        "औ",
        "क",
        "ख",
        "ग",
        "घ",
        "ङ",
        "च",
        "छ",
        "ज",
        "झ",
        "ञ",
        "ट",
        "ठ",
        "ड",
        "ढ",
        "ण",
        "त",
        "थ",
        "द",
        "ध",
        "न",
        "प",
        "फ",
        "ब",
        "भ",
        "म",
        "य",
        "र",
        "ल",
        "व",
        "श",
        "ष",
        "स",
        "ह",
        "़",
        "ऽ",
        "ा",
        "ि",
        "ी",
        "ु",
        "ू",
        "ृ",
        "ॅ",
        "े",
        "ै",
        "ॉ",
        "ॊ",
        "ो",
        "ौ",
        "्"
      ],
      "english_charset": [
        "a",
        "b",
        "c",
        "d",
        "e",
        "f",
        "g",
        "h",
        "i",
        "j",
        "k",
        "l",
        "m",
        "n",
        "o",
        "p",
        "q",
        "r",
        "s",
        "t",
        "u",
        "v",
        "w",
        "x",
        "y",
        "z"
      ],
      "native_charset_size": 64,
      "english_charset_size": 26
    },
    "source_stats": {
      "AK-Freq": 3647,
      "AK-NEF": 826,
      "AK-NEI": 1188,
      "Dakshina": 4451
    },
    "score_stats": {
      "min_score": null,
      "max_score": null,
      "mean_score": null,
      "median_score": null,
      "total_scores": 0,
      "missing_scores": 10112
    }
  },
  "valid": {
    "length_stats": {
      "native_length_dist": {
        "1": 4,
        "2": 47,
        "3": 289,
        "4": 760,
        "5": 1211,
        "6": 1318,
        "7": 959,
        "8": 671,
        "9": 405,
        "10": 282,
        "11": 166,
        "12": 104,
        "13": 62,
        "14": 40,
        "15": 13,
        "16": 14,
        "17": 7,
        "18": 3,
        "19": 1,
        "20": 1
      },
      "english_length_dist": {
        "2": 28,
        "3": 150,
        "4": 415,
        "5": 817,
        "6": 1119,
        "7": 1048,
        "8": 902,
        "9": 667,
        "10": 459,
        "11": 301,
        "12": 172,
        "13": 111,
        "14": 70,
        "15": 35,
        "16": 26,
        "17": 20,
        "18": 10,
        "19": 2,
        "20": 3,
        "21": 1,
        "22": 1
      },
      "avg_native_length": 6.5416076765770015,
      "avg_english_length": 7.473651093282995,
      "total_words": 6357,
      "total_pairs": 6357,
      "missing_fields": {
        "native": 0,
        "english": 0
      }
    },