{
  "train": {
    "length_stats": {
      "native_length_dist": {
        "1": 1,
        "2": 54,
        "3": 3231,
        "4": 27854,
        "5": 73865,
        "6": 154646,
        "7": 195507,
        "8": 262187,
        "9": 278323,
        "10": 306201,
        "11": 296580,
        "12": 285687,
        "13": 253520,
        "14": 219050,
        "15": 178072,
        "16": 139568,
        "17": 104531,
        "18": 75869,
        "19": 51903,
        "20": 38,
        "21": 22,
        "22": 4,
        "23": 2,
        "24": 11,
        "26": 2
      },
      "english_length_dist": {
        "2": 131,
        "3": 4039,
        "4": 14978,
        "5": 53258,
        "6": 104098,
        "7": 141586,
        "8": 171313,
        "9": 195913,
        "10": 217353,
        "11": 236437,
        "12": 248295,
        "13": 253451,
        "14": 243124,
        "15": 228062,
        "16": 200540,
        "17": 172065,
        "18": 138947,
        "19": 105380,
        "20": 73874,
        "21": 48443,
        "22": 28578,
        "23": 15030,
        "24": 7290,
        "25": 3150,
        "26": 997,
        "27": 301,
        "28": 87,
        "29": 7,
        "33": 1
      },
      "avg_native_length": 11.194418948040546,
      "avg_english_length": 12.852261718330714,
      "total_words": 2906728,
      "total_pairs": 2906728,
      "missing_fields": {
        "native": 0,
        "english": 0
      }
    },
    "char_stats": {
      "native_charset": [
        "ಂ",
        "ಃ",
        "ಅ",
        "ಆ",
        "ಇ",
        "ಈ",
        "ಉ",
        "ಊ",
        "ಋ",
        "ಎ",
        "ಏ",
        "ಐ",
        "ಒ",
        "ಓ",
        "ಔ",
        "ಕ",
        "ಖ",
        "ಗ",
        "ಘ",
        "ಚ",
        "ಛ",
        "ಜ",
        "ಝ",
        "ಞ",
        "ಟ",
        "ಠ",
        "ಡ",
        "ಢ",
        "ಣ",
        "ತ",
        "ಥ",
        "ದ",
        "ಧ",
        "ನ",
        "ಪ",
        "ಫ",
        "ಬ",
        "ಭ",
        "ಮ",
        "ಯ",
        "ರ",
        "ಲ",
        "ಳ",
        "ವ",
        "ಶ",
        "ಷ",
        "ಸ",
        "ಹ",
        "಼",
        "ಾ",
        "ಿ",
        "ೀ",
        "ು",
        "ೂ",
        "ೃ",
        "ೆ",
        "ೇ",
        "ೈ",
        "ೊ",
        "ೋ",
        "ೌ",
        "್"
      ],
      "english_charset": [
        "a",
        "b",
        "c",
        "d",
        "e",
        "f",
        "g",
        "h",
        "i",
        "j",
        "k",
        "l",
        "m",
        "n",
        "o",
        "p",
        "q",
        "r",
        "s",
        "t",
        "u",
        "v",
        "w",
        "x",
        "y",
        "z"
      ],
      "native_charset_size": 62,
      "english_charset_size": 26
    },
    "source_stats": {
      "Dakshina": 43373,
      "Wikidata": 178,
      "Samanantar": 36482,
      "IndicCorp": 2826695
    },
    "score_stats": {
      "min_score": -0.3499994092,
      "max_score": -0.0005345837,
      "mean_score": -0.1149492099760469,
      "median_score": -0.0795449056,
      "total_scores": 2826695,
      "missing_scores": 80033
    }
  },
  "test": {
    "length_stats": {
      "native_length_dist": {
        "1": 1,
        "2": 25,
        "3": 155,
        "4": 690,
        "5": 885,
        "6": 1320,
        "7": 1260,
        "8": 1269,
        "9": 1051,
        "10": 1011,
        "11": 791,
        "12": 643,
        "13": 463,
        "14": 324,
        "15": 263,
        "16": 287,
        "17": 247,
        "18": 225,
        "19": 201,
        "20": 265,
        "21": 4
      },
      "english_length_dist": {
        "1": 1,
        "2": 16,
        "3": 97,
        "4": 431,
        "5": 735,
        "6": 1010,
        "7": 984,
        "8": 1023,
        "9": 957,
        "10": 917,
        "11": 893,
        "12": 787,
        "13": 647,
        "14": 548,
        "15": 477,
        "16": 380,
        "17": 329,
        "18": 319,
        "19": 241,
        "20": 213,
        "21": 147,
        "22": 110,
        "23": 69,
        "24": 26,
        "25": 15,
        "26": 4,
        "27": 2,
        "28": 1,
        "29": 1
      },
      "avg_native_length": 9.413268892794376,
      "avg_english_length": 10.69463971880492,
      "total_words": 11380,
      "total_pairs": 11380,
      "missing_fields": {
        "native": 0,
        "english": 0
      }
    },
    "char_stats": {
      "native_charset": [
        "ಂ",
        "ಃ",
        "ಅ",
        "ಆ",
        "ಇ",
        "ಈ",
        "ಉ",
        "ಊ",
        "ಋ",
        "ಎ",
        "ಏ",
        "ಐ",
        "ಒ",
        "ಓ",
        "ಔ",
        "ಕ",
        "ಖ",
        "ಗ",
        "ಘ",
        "ಚ",
        "ಛ",
        "ಜ",
        "ಝ",
        "ಞ",
        "ಟ",
        "ಠ",
        "ಡ",
        "ಢ",
        "ಣ",
        "ತ",
        "ಥ",
        "ದ",
        "ಧ",
        "ನ",
        "ಪ",
        "ಫ",
        "ಬ",
        "ಭ",
        "ಮ",
        "ಯ",
        "ರ",
        "ಲ",
        "ಳ",
        "ವ",
        "ಶ",
        "ಷ",
        "ಸ",
        "ಹ",
        "ಾ",
        "ಿ",
        "ೀ",
        "ು",
        "ೂ",
        "ೃ",
        "ೆ",
        "ೇ",
        "ೈ",
        "ೊ",
        "ೋ",
        "ೌ",
        "್"
      ],
      "english_charset": [
        "a",
        "b",
        "c",
        "d",
        "e",
        "f",
        "g",
        "h",
        "i",
        "j",
        "k",
        "l",
        "m",
        "n",
        "o",
        "p",
        "q",
        "r",
        "s",
        "t",
        "u",
        "v",
        "w",
        "x",
        "y",
        "z"
      ],
      "native_charset_size": 61,
      "english_charset_size": 26
    },
    "source_stats": {
      "AK-Freq": 4213,
      "AK-NEF": 878,
      "AK-NEI": 1274,
      "Dakshina": 5015
    },
    "score_stats": {
      "min_score": null,
      "max_score": null,
      "mean_score": null,
      "median_score": null,
      "total_scores": 0,
      "missing_scores": 11380
    }
  },
  "valid": {
    "length_stats": {
      "native_length_dist": {
        "2": 12,
        "3": 102,
        "4": 402,
        "5": 545,
        "6": 800,
        "7": 797,
        "8": 879,
        "9": 735,
        "10": 712,
        "11": 552,
        "12": 409,
        "13": 383,
        "14": 246,
        "15": 146,
        "16": 108,
        "17": 94,
        "18": 60,
        "19": 38,
        "20": 2,
        "21": 3
      },
      "english_length_dist": {
        "2": 11,
        "3": 61,
        "4": 242,
        "5": 340,
        "6": 528,
        "7": 527,
        "8": 598,
        "9": 650,
        "10": 663,
        "11": 674,
        "12": 627,
        "13": 538,
        "14": 412,
        "15": 360,
        "16": 256,
        "17": 170,
        "18": 126,
        "19": 86,
        "20": 72,
        "21": 43,
        "22": 18,
        "23": 14,
        "24": 4,
        "25": 2,
        "26": 2,
        "27": 1
      },
      "avg_native_length": 8.915729537366548,
      "avg_english_length": 10.571957295373666,
      "total_words": 7025,
      "total_pairs": 7025,
      "missing_fields": {
        "native": 0,
        "english": 0
      }
    },