{
  "train": {
    "length_stats": {
      "native_length_dist": {
        "1": 17,
        "2": 85,
        "3": 2006,
        "4": 13183,
        "5": 35525,
        "6": 55600,
        "7": 68063,
        "8": 77442,
        "9": 78528,
        "10": 73697,
        "11": 62289,
        "12": 50016,
        "13": 36190,
        "14": 24569,
        "15": 15354,
        "16": 9449,
        "17": 5589,
        "18": 3178,
        "19": 1733,
        "20": 10,
        "23": 1,
        "24": 1
      },
      "english_length_dist": {
        "1": 12,
        "2": 55,
        "3": 695,
        "4": 3298,
        "5": 13325,
        "6": 29105,
        "7": 44901,
        "8": 56762,
        "9": 64646,
        "10": 67907,
        "11": 64520,
        "12": 58472,
        "13": 50060,
        "14": 41429,
        "15": 33282,
        "16": 25416,
        "17": 19188,
        "18": 13712,
        "19": 9499,
        "20": 6244,
        "21": 4128,
        "22": 2535,
        "23": 1534,
        "24": 875,
        "25": 503,
        "26": 241,
        "27": 119,
        "28": 42,
        "29": 16,
        "30": 4
      },
      "avg_native_length": 9.430722011346475,
      "avg_english_length": 11.321862781110974,
      "total_words": 612525,
      "total_pairs": 612525,
      "missing_fields": {
        "native": 0,
        "english": 0
      }
    },
    "char_stats": {
      "native_charset": [
        "ँ",
        "ं",
        "ः",
        "अ",
        "आ",
        "इ",
        "ई",
        "उ",
        "ऊ",
        "ऋ",
        "ऍ",
        "ए",
        "ऐ",
        "ऑ",
        "ओ",
        "औ",
        "क",
        "ख",
        "ग",
        "घ",
        "ङ",
        "च",
        "छ",
        "ज",
        "झ",
        "ञ",
        "ट",
        "ठ",
        "ड",
        "ढ",
        "ण",
        "त",
        "थ",
        "द",
        "ध",
        "न",
        "प",
        "फ",
        "ब",
        "भ",
        "म",
        "य",
        "र",
        "ल",
        "ळ",
        "व",
        "श",
        "ष",
        "स",
        "ह",
        "़",
        "ऽ",
        "ा",
        "ि",
        "ी",
        "ु",
        "ू",
        "ृ",
        "ॅ",
        "ॆ",
        "े",
        "ै",
        "ॉ",
        "ॊ",
        "ो",
        "ौ",
        "्",
        "॑"
      ],
      "english_charset": [
        "a",
        "b",
        "c",
        "d",
        "e",
        "f",
        "g",
        "h",
        "i",
        "j",
        "k",
        "l",
        "m",
        "n",
        "o",
        "p",
        "q",
        "r",
        "s",
        "t",
        "u",
        "v",
        "w",
        "x",
        "y",
        "z"
      ],
      "native_charset_size": 68,
      "english_charset_size": 26
    },
    "source_stats": {
      "AK-Freq": 7427,
      "Existing": 39825,
      "IndicCorp": 565273
    },
    "score_stats": {
      "min_score": -0.3499998748,
      "max_score": -0.0072649451,
      "mean_score": -0.18032734784012927,
      "median_score": -0.1663956493,
      "total_scores": 565273,
      "missing_scores": 47252
    }
  },
  "test": {
    "length_stats": {
      "native_length_dist": {
        "2": 11,
        "3": 254,
        "4": 565,
        "5": 808,
        "6": 851,
        "7": 598,
        "8": 500,
        "9": 354,
        "10": 304,
        "11": 223,
        "12": 212,
        "13": 148,
        "14": 101,
        "15": 48,
        "16": 18,
        "17": 24,
        "18": 18,
        "19": 5
      },
      "english_length_dist": {
        "2": 2,
        "3": 41,
        "4": 319,
        "5": 568,
        "6": 720,
        "7": 671,
        "8": 569,
        "9": 489,
        "10": 362,
        "11": 286,
        "12": 225,
        "13": 177,
        "14": 163,
        "15": 150,
        "16": 113,
        "17": 56,
        "18": 42,
        "19": 43,
        "20": 17,
        "21": 12,
        "22": 9,
        "23": 6,
        "24": 1,
        "28": 1
      },
      "avg_native_length": 7.293137643792146,
      "avg_english_length": 8.691987306624355,
      "total_words": 5042,
      "total_pairs": 5042,
      "missing_fields": {
        "native": 0,
        "english": 0
      }
    },
    "char_stats": {
      "native_charset": [
        "ँ",
        "ं",
        "ः",
        "अ",
        "आ",
        "इ",
        "ई",
        "उ",
        "ऊ",
        "ए",
        "ऐ",
        "ऑ",
        "ओ",
        "औ",
        "क",
        "ख",
        "ग",
        "घ",
        "च",
        "छ",
        "ज",
        "झ",
        "ञ",
        "ट",
        "ठ",
        "ड",
        "ढ",
        "ण",
        "त",
        "थ",
        "द",
        "ध",
        "न",
        "प",
        "फ",
        "ब",
        "भ",
        "म",
        "य",
        "र",
        "ल",
        "ळ",
        "व",
        "श",
        "ष",
        "स",
        "ह",
        "़",
        "ा",
        "ि",
        "ी",
        "ु",
        "ू",
        "ृ",
        "ॅ",
        "े",
        "ै",
        "ॉ",
        "ो",
        "ौ",
        "्"
      ],
      "english_charset": [
        "a",
        "b",
        "c",
        "d",
        "e",
        "f",
        "g",
        "h",
        "i",
        "j",
        "k",
        "l",
        "m",
        "n",
        "o",
        "p",
        "q",
        "r",
        "s",
        "t",
        "u",
        "v",
        "w",
        "x",
        "y",
        "z"
      ],
      "native_charset_size": 61,
      "english_charset_size": 26
    },
    "source_stats": {
      "AK-Freq": 3051,
      "AK-NEF": 816,
      "AK-NEI": 1175
    },
    "score_stats": {
      "min_score": null,
      "max_score": null,
      "mean_score": null,
      "median_score": null,
      "total_scores": 0,
      "missing_scores": 5042
    }
  },
  "valid": {
    "length_stats": {
      "native_length_dist": {
        "3": 76,
        "4": 237,
        "5": 351,
        "6": 386,
        "7": 398,
        "8": 414,
        "9": 358,
        "10": 331,
        "11": 298,
        "12": 220,
        "13": 163,
        "14": 114,
        "15": 66,
        "16": 49,
        "17": 22,
        "18": 11,
        "19": 8
      },
      "english_length_dist": {
        "3": 15,
        "4": 79,
        "5": 167,
        "6": 281,
        "7": 325,
        "8": 348,
        "9": 352,
        "10": 341,
        "11": 375,
        "12": 279,
        "13": 241,
        "14": 179,
        "15": 162,
        "16": 103,
        "17": 91,
        "18": 60,
        "19": 35,
        "20": 31,
        "21": 16,
        "22": 12,
        "23": 4,
        "24": 2,
        "25": 2,
        "28": 2
      },
      "avg_native_length": 8.568817818389492,
      "avg_english_length": 10.413192461450599,
      "total_words": 3502,
      "total_pairs": 3502,
      "missing_fields": {
        "native": 0,
        "english": 0
      }
    },
    "char_stats": {
      "native_charset": [
        "ँ",
        "ं",
        "ः",
        "अ",
        "आ",
        "इ",
        "ई",
        "उ",
        "ऊ",
        "ऋ",
        "ए",
        "ऐ",
        "ऑ",
        "ओ",
        "क",
        "ख",
        "ग",
        "घ",
        "च",
        "छ",
        "ज",
        "झ",
        "ञ",
        "ट",
        "ठ",
        "ड",
        "ढ",
        "ण",
        "त",
        "थ",
        "द",
        "ध",
        "न",
        "प",
        "फ",
        "ब",
        "भ",
        "म",
        "य",
        "र",
        "ल",
        "ळ",
        "व",
        "श",
        "ष",
        "स",
        "ह",
        "़",
        "ऽ",
        "ा",
        "ि",
        "ी",
        "ु",
        "ू",
        "ृ",
        "ॅ",
        "े",
        "ै",
        "ॉ",
        "ो",
        "ौ",
        "्"
      ],