{
  "train": {
    "length_stats": {
      "native_length_dist": {
        "1": 27,
        "2": 325,
        "3": 3527,
        "4": 21512,
        "5": 41822,
        "6": 51065,
        "7": 44535,
        "8": 37180,
        "9": 28750,
        "10": 19842,
        "11": 13016,
        "12": 8390,
        "13": 5062,
        "14": 2948,
        "15": 1774,
        "16": 1105,
        "17": 789,
        "18": 531,
        "19": 421,
        "21": 9,
        "23": 6,
        "26": 1,
        "30": 2
      },
      "english_length_dist": {
        "1": 15,
        "2": 75,
        "3": 676,
        "4": 3654,
        "5": 15573,
        "6": 33819,
        "7": 45082,
        "8": 45805,
        "9": 39584,
        "10": 31128,
        "11": 22976,
        "12": 15906,
        "13": 10458,
        "14": 6500,
        "15": 3969,
        "16": 2560,
        "17": 1668,
        "18": 1036,
        "19": 705,
        "20": 556,
        "21": 375,
        "22": 224,
        "23": 132,
        "24": 76,
        "25": 46,
        "26": 29,
        "27": 6,
        "28": 4,
        "30": 2
      },
      "avg_native_length": 7.450380166926716,
      "avg_english_length": 8.879224027823478,
      "total_words": 282639,
      "total_pairs": 282639,
      "missing_fields": {
        "native": 0,
        "english": 0
      }
    },
    "char_stats": {
      "native_charset": [
        "ँ",
        "ं",
        "ः",
        "अ",
        "आ",
        "इ",
        "ई",
        "उ",
        "ऊ",
        "ऋ",
        "ए",
        "ऐ",
        "ऑ",
        "ऒ",
        "ओ",
        "औ",
        "क",
        "ख",
        "ग",
        "घ",
        "ङ",
        "च",
        "छ",
        "ज",
        "झ",
        "ञ",
        "ट",
        "ठ",
        "ड",
        "ढ",
        "ण",
        "त",
        "थ",
        "द",
        "ध",
        "न",
        "प",
        "फ",
        "ब",
        "भ",
        "म",
        "य",
        "र",
        "ल",
        "ळ",
        "व",
        "श",
        "ष",
        "स",
        "ह",
        "़",
        "ऽ",
        "ा",
        "ि",
        "ी",
        "ु",
        "ू",
        "ृ",
        "ॅ",
        "ॆ",
        "े",
        "ै",
        "ॉ",
        "ॊ",
        "ो",
        "ौ",
        "्",
        "ॐ",
        "ॠ",
        "॰"
      ],
      "english_charset": [
        "a",
        "b",
        "c",
        "d",
        "e",
        "f",
        "g",
        "h",
        "i",
        "j",
        "k",
        "l",
        "m",
        "n",
        "o",
        "p",
        "q",
        "r",
        "s",
        "t",
        "u",
        "v",
        "w",
        "x",
        "y",
        "z"
      ],
      "native_charset_size": 70,
      "english_charset_size": 26
    },
    "source_stats": {
      "AK-Freq": 4469,
      "Existing": 75257,
      "Wikidata": 1442,
      "IndicCorp": 201471
    },
    "score_stats": {
      "min_score": -0.3499967009,
      "max_score": -0.0190877105,
      "mean_score": -0.18877181934959325,
      "median_score": -0.1778905578,
      "total_scores": 201471,
      "missing_scores": 81168
    }
  },
  "test": {
    "length_stats": {
      "native_length_dist": {
        "2": 8,
        "3": 353,
        "4": 823,
        "5": 913,
        "6": 995,
        "7": 648,
        "8": 529,
        "9": 370,
        "10": 271,
        "11": 183,
        "12": 182,
        "13": 67,
        "14": 39,
        "15": 29,
        "16": 11,
        "17": 18,
        "18": 7,
        "19": 3
      },
      "english_length_dist": {
        "2": 1,
        "3": 90,
        "4": 394,
        "5": 717,
        "6": 940,
        "7": 802,
        "8": 647,
        "9": 537,
        "10": 388,
        "11": 268,
        "12": 190,
        "13": 136,
        "14": 94,
        "15": 91,
        "16": 61,
        "17": 29,
        "18": 26,
        "19": 13,
        "20": 11,
        "21": 4,
        "22": 5,
        "23": 3,
        "24": 2
      },
      "avg_native_length": 6.68452927142595,
      "avg_english_length": 7.885483574967884,
      "total_words": 5449,
      "total_pairs": 5449,
      "missing_fields": {
        "native": 0,
        "english": 0
      }
    },
    "char_stats": {
      "native_charset": [
        "ँ",
        "ं",
        "ः",
        "अ",
        "आ",
        "इ",
        "ई",
        "उ",
        "ऊ",
        "ऋ",
        "ए",
        "ऐ",
        "ऑ",
        "ओ",
        "औ",
        "क",
        "ख",
        "ग",
        "घ",
        "ङ",
        "च",
        "छ",
        "ज",
        "झ",
        "ञ",
        "ट",
        "ठ",
        "ड",
        "ढ",
        "ण",
        "त",
        "थ",
        "द",
        "ध",
        "न",
        "प",
        "फ",
        "ब",
        "भ",
        "म",
        "य",
        "र",
        "ल",
        "व",
        "श",
        "ष",
        "स",
        "ह",
        "़",
        "ऽ",
        "ा",
        "ि",
        "ी",
        "ु",
        "ू",
        "ृ",
        "ॅ",
        "े",
        "ै",
        "ॉ",
        "ो",
        "ौ",
        "्"
      ],
      "english_charset": [
        "a",
        "b",
        "c",
        "d",
        "e",
        "f",
        "g",
        "h",
        "i",
        "j",
        "k",
        "l",
        "m",
        "n",
        "o",
        "p",
        "q",
        "r",
        "s",
        "t",
        "u",
        "v",
        "w",
        "x",
        "y",
        "z"
      ],
      "native_charset_size": 63,
      "english_charset_size": 26
    },
    "source_stats": {
      "AK-Freq": 3471,
      "AK-NEF": 814,
      "AK-NEI": 1164
    },
    "score_stats": {
      "min_score": null,
      "max_score": null,
      "mean_score": null,
      "median_score": null,
      "total_scores": 0,
      "missing_scores": 5449
    }
  },
  "valid": {
    "length_stats": {
      "native_length_dist": {
        "2": 1,
        "3": 152,
        "4": 454,
        "5": 602,
        "6": 625,
        "7": 471,
        "8": 418,
        "9": 326,
        "10": 234,
        "11": 190,
        "12": 118,
        "13": 80,
        "14": 54,
        "15": 29,
        "16": 13,
        "17": 10,
        "18": 5,
        "19": 8
      },
      "english_length_dist": {
        "2": 2,
        "3": 41,
        "4": 146,
        "5": 328,
        "6": 475,
        "7": 563,
        "8": 538,
        "9": 440,
        "10": 355,
        "11": 271,
        "12": 180,
        "13": 140,
        "14": 111,
        "15": 62,
        "16": 40,
        "17": 42,
        "18": 22,
        "19": 13,
        "20": 8,
        "21": 7,
        "22": 3,
        "23": 1,
        "24": 1,
        "26": 1
      },
      "avg_native_length": 7.204749340369393,
      "avg_english_length": 8.665963060686016,
      "total_words": 3790,
      "total_pairs": 3790,
      "missing_fields": {
        "native": 0,
        "english": 0
      }
    },
    "char_stats": {
      "native_charset": [
        "ँ",
        "ं",
        "ः",
        "अ",
        "आ",
        "इ",
        "ई",
        "उ",
        "ऊ",
        "ऋ",
        "ए",
        "ऐ",
        "ओ",
        "औ",
        "क",
        "ख",
        "ग",
        "घ",
        "ङ",
        "च",
        "छ",
        "ज",
        "झ",
        "ञ",
        "ट",
        "ठ",
        "ड",
        "ढ",
        "ण",
        "त",
        "थ",
        "द",
        "ध",
        "न",
        "प",
        "फ",
        "ब",
        "भ",
        "म",
        "य",
        "र",
        "ल",
        "व",
        "श",
        "ष",
        "स",
        "ह",
        "़",
        "ऽ",
        "ा",
        "ि",
        "ी",
        "ु",
        "ू",
        "ृ",
        "े",
        "ै",
        "ॉ",
        "ो",
        "ौ",
        "्"
      ],