{
  "train": {
    "length_stats": {
      "native_length_dist": {
        "1": 3,
        "2": 106,
        "3": 3849,
        "4": 21891,
        "5": 50252,
        "6": 93159,
        "7": 127128,
        "8": 185407,
        "9": 227019,
        "10": 292070,
        "11": 328075,
        "12": 371483,
        "13": 387550,
        "14": 392738,
        "15": 382522,
        "16": 361072,
        "17": 330844,
        "18": 293760,
        "19": 250998,
        "20": 273,
        "21": 171,
        "22": 80,
        "23": 72,
        "24": 48,
        "25": 21,
        "26": 19,
        "27": 4,
        "28": 4,
        "31": 3
      },
      "english_length_dist": {
        "1": 1,
        "2": 87,
        "3": 2572,
        "4": 10098,
        "5": 35585,
        "6": 68079,
        "7": 97790,
        "8": 125002,
        "9": 158802,
        "10": 200138,
        "11": 238488,
        "12": 278548,
        "13": 314354,
        "14": 340531,
        "15": 355052,
        "16": 360104,
        "17": 348559,
        "18": 316959,
        "19": 272830,
        "20": 212647,
        "21": 151416,
        "22": 97378,
        "23": 58399,
        "24": 30956,
        "25": 15322,
        "26": 6728,
        "27": 2794,
        "28": 983,
        "29": 313,
        "30": 81,
        "31": 16,
        "32": 6,
        "33": 1,
        "36": 1,
        "38": 1
      },
      "avg_native_length": 13.183512692345866,
      "avg_english_length": 14.828519875404238,
      "total_words": 4100621,
      "total_pairs": 4100621,
      "missing_fields": {
        "native": 0,
        "english": 0
      }
    },
    "char_stats": {
      "native_charset": [
        "ം",
        "ഃ",
        "അ",
        "ആ",
        "ഇ",
        "ഈ",
        "ഉ",
        "ഊ",
        "ഋ",
        "എ",
        "ഏ",
        "ഐ",
        "ഒ",
        "ഓ",
        "ഔ",
        "ക",
        "ഖ",
        "ഗ",
        "ഘ",
        "ങ",
        "ച",
        "ഛ",
        "ജ",
        "ഝ",
        "ഞ",
        "ട",
        "ഠ",
        "ഡ",
        "ഢ",
        "ണ",
        "ത",
        "ഥ",
        "ദ",
        "ധ",
        "ന",
        "പ",
        "ഫ",
        "ബ",
        "ഭ",
        "മ",
        "യ",
        "ര",
        "റ",
        "ല",
        "ള",
        "ഴ",
        "വ",
        "ശ",
        "ഷ",
        "സ",
        "ഹ",
        "ാ",
        "ി",
        "ീ",
        "ു",
        "ൂ",
        "ൃ",
        "െ",
        "േ",
        "ൈ",
        "ൊ",
        "ോ",
        "ൌ",
        "്",
        "ൺ",
        "ൻ",
        "ർ",
        "ൽ",
        "ൾ"
      ],
      "english_charset": [
        "a",
        "b",
        "c",
        "d",
        "e",
        "f",
        "g",
        "h",
        "i",
        "j",
        "k",
        "l",
        "m",
        "n",
        "o",
        "p",
        "q",
        "r",
        "s",
        "t",
        "u",
        "v",
        "w",
        "x",
        "y",
        "z"
      ],
      "native_charset_size": 69,
      "english_charset_size": 26
    },
    "source_stats": {
      "Dakshina": 49142,
      "Existing": 1158,
      "Wikidata": 271,
      "Samanantar": 30680,
      "IndicCorp": 4019370
    },
    "score_stats": {
      "min_score": -0.3499996178,
      "max_score": -0.0007678302,
      "mean_score": -0.11737586300517501,
      "median_score": -0.08635349295,
      "total_scores": 4019370,
      "missing_scores": 81251
    }
  },
  "test": {
    "length_stats": {
      "native_length_dist": {
        "1": 1,
        "2": 65,
        "3": 238,
        "4": 641,
        "5": 810,
        "6": 1230,
        "7": 1173,
        "8": 1142,
        "9": 1055,
        "10": 1043,
        "11": 912,
        "12": 746,
        "13": 710,
        "14": 522,
        "15": 376,
        "16": 399,
        "17": 334,
        "18": 301,
        "19": 349,
        "20": 393,
        "21": 5,
        "22": 4,
        "23": 2
      },
      "english_length_dist": {
        "1": 1,
        "2": 22,
        "3": 98,
        "4": 444,
        "5": 824,
        "6": 1020,
        "7": 1059,
        "8": 1008,
        "9": 928,
        "10": 925,
        "11": 915,
        "12": 811,
        "13": 759,
        "14": 646,
        "15": 563,
        "16": 522,
        "17": 482,
        "18": 360,
        "19": 318,
        "20": 243,
        "21": 219,
        "22": 121,
        "23": 82,
        "24": 47,
        "25": 20,
        "26": 6,
        "27": 6,
        "28": 2
      },
      "avg_native_length": 10.07814633362782,
      "avg_english_length": 11.056461328407357,
      "total_words": 12451,
      "total_pairs": 12451,
      "missing_fields": {
        "native": 0,
        "english": 0
      }
    },
    "char_stats": {
      "native_charset": [
        "ം",
        "ഃ",
        "അ",
        "ആ",
        "ഇ",
        "ഈ",
        "ഉ",
        "ഊ",
        "ഋ",
        "എ",
        "ഏ",
        "ഐ",
        "ഒ",
        "ഓ",
        "ഔ",
        "ക",
        "ഖ",
        "ഗ",
        "ഘ",
        "ങ",
        "ച",
        "ഛ",
        "ജ",
        "ഝ",
        "ഞ",
        "ട",
        "ഠ",
        "ഡ",
        "ഢ",
        "ണ",
        "ത",
        "ഥ",
        "ദ",
        "ധ",
        "ന",
        "പ",
        "ഫ",
        "ബ",
        "ഭ",
        "മ",
        "യ",
        "ര",
        "റ",
        "ല",
        "ള",
        "ഴ",
        "വ",
        "ശ",
        "ഷ",
        "സ",
        "ഹ",
        "ാ",
        "ി",
        "ീ",
        "ു",
        "ൂ",
        "ൃ",
        "െ",
        "േ",
        "ൈ",
        "ൊ",
        "ോ",
        "ൌ",
        "്",
        "ൗ",
        "ൺ",
        "ൻ",
        "ർ",
        "ൽ",
        "ൾ"
      ],
      "english_charset": [
        "a",
        "b",
        "c",
        "d",
        "e",
        "f",
        "g",
        "h",
        "i",
        "j",
        "k",
        "l",
        "m",
        "n",
        "o",
        "p",
        "q",
        "r",
        "s",
        "t",
        "u",
        "v",
        "w",
        "x",
        "y",
        "z"
      ],
      "native_charset_size": 70,
      "english_charset_size": 26
    },
    "source_stats": {
      "AK-Freq": 4858,
      "AK-NEF": 833,
      "AK-NEI": 1191,
      "Dakshina": 5569
    },
    "score_stats": {
      "min_score": null,
      "max_score": null,
      "mean_score": null,
      "median_score": null,
      "total_scores": 0,
      "missing_scores": 12451
    }
  },
  "valid": {
    "length_stats": {
      "native_length_dist": {
        "2": 57,
        "3": 171,
        "4": 419,
        "5": 531,
        "6": 811,
        "7": 711,
        "8": 764,
        "9": 618,
        "10": 561,
        "11": 600,
        "12": 507,
        "13": 404,
        "14": 349,
        "15": 316,
        "16": 229,
        "17": 188,
        "18": 195,
        "19": 155,
        "20": 8,
        "21": 10,
        "22": 4,
        "23": 2,
        "27": 3
      },
      "english_length_dist": {
        "2": 9,
        "3": 82,
        "4": 279,
        "5": 439,
        "6": 592,
        "7": 653,
        "8": 612,
        "9": 629,
        "10": 591,
        "11": 576,
        "12": 529,
        "13": 465,
        "14": 452,
        "15": 385,
        "16": 328,
        "17": 262,
        "18": 222,
        "19": 156,
        "20": 128,
        "21": 91,
        "22": 65,
        "23": 35,
        "24": 17,
        "25": 7,
        "26": 6,
        "27": 1,
        "28": 1,
        "30": 1
      },
      "avg_native_length": 9.660711940102455,
      "avg_english_length": 10.927229738605018,
      "total_words": 7613,
      "total_pairs": 7613,
      "missing_fields": {
        "native": 0,
        "english": 0
      }
    },