{
  "train": {
    "length_stats": {
      "native_length_dist": {
        "1": 5,
        "2": 112,
        "3": 3668,
        "4": 24839,
        "5": 70413,
        "6": 119447,
        "7": 150072,
        "8": 173626,
        "9": 177494,
        "10": 173862,
        "11": 152457,
        "12": 128079,
        "13": 98439,
        "14": 70284,
        "15": 46603,
        "16": 29816,
        "17": 17489,
        "18": 10295,
        "19": 5584,
        "20": 157,
        "21": 7
      },
      "english_length_dist": {
        "1": 16,
        "2": 103,
        "3": 3499,
        "4": 10157,
        "5": 34120,
        "6": 70290,
        "7": 102920,
        "8": 132367,
        "9": 152359,
        "10": 161477,
        "11": 159198,
        "12": 147332,
        "13": 127783,
        "14": 104613,
        "15": 81591,
        "16": 60038,
        "17": 41613,
        "18": 27393,
        "19": 16911,
        "20": 9867,
        "21": 5154,
        "22": 2403,
        "23": 977,
        "24": 394,
        "25": 126,
        "26": 35,
        "27": 9,
        "28": 3
      },
      "avg_native_length": 9.775046325997351,
      "avg_english_length": 11.120316806493625,
      "total_words": 1452748,
      "total_pairs": 1452748,
      "missing_fields": {
        "native": 0,
        "english": 0
      }
    },
    "char_stats": {
      "native_charset": [
        "ँ",
        "ं",
        "ः",
        "अ",
        "आ",
        "इ",
        "ई",
        "उ",
        "ऊ",
        "ऋ",
        "ऌ",
        "ऍ",
        "ए",
        "ऐ",
        "ऑ",
        "ओ",
        "औ",
        "क",
        "ख",
        "ग",
        "घ",
        "ङ",
        "च",
        "छ",
        "ज",
        "झ",
        "ञ",
        "ट",
        "ठ",
        "ड",
        "ढ",
        "ण",
        "त",
        "थ",
        "द",
        "ध",
        "न",
        "प",
        "फ",
        "ब",
        "भ",
        "म",
        "य",
        "र",
        "ल",
        "ळ",
        "व",
        "श",
        "ष",
        "स",
        "ह",
        "़",
        "ा",
        "ि",
        "ी",
        "ु",
        "ू",
        "ृ",
        "ॅ",
        "े",
        "ै",
        "ॉ",
        "ो",
        "ौ",
        "्",
        "॰"
      ],
      "english_charset": [
        "a",
        "b",
        "c",
        "d",
        "e",
        "f",
        "g",
        "h",
        "i",
        "j",
        "k",
        "l",
        "m",
        "n",
        "o",
        "p",
        "q",
        "r",
        "s",
        "t",
        "u",
        "v",
        "w",
        "x",
        "y",
        "z"
      ],
      "native_charset_size": 66,
      "english_charset_size": 26
    },
    "source_stats": {
      "Dakshina": 37690,
      "AK-Freq": 4146,
      "Existing": 1918,
      "Wikidata": 8015,
      "Samanantar": 21320,
      "IndicCorp": 1379659
    },
    "score_stats": {
      "min_score": -0.3499996811,
      "max_score": -0.0012982893,
      "mean_score": -0.1447738576394839,
      "median_score": -0.1229903065,
      "total_scores": 1379659,
      "missing_scores": 73089
    }
  },
  "test": {
    "length_stats": {
      "native_length_dist": {
        "2": 52,
        "3": 420,
        "4": 1143,
        "5": 1586,
        "6": 1934,
        "7": 1370,
        "8": 1311,
        "9": 1046,
        "10": 848,
        "11": 677,
        "12": 510,
        "13": 361,
        "14": 279,
        "15": 207,
        "16": 159,
        "17": 123,
        "18": 85,
        "19": 70,
        "20": 9
      },
      "english_length_dist": {
        "1": 1,
        "2": 9,
        "3": 119,
        "4": 525,
        "5": 1083,
        "6": 1401,
        "7": 1443,
        "8": 1356,
        "9": 1207,
        "10": 1036,
        "11": 877,
        "12": 735,
        "13": 575,
        "14": 456,
        "15": 346,
        "16": 246,
        "17": 188,
        "18": 159,
        "19": 127,
        "20": 98,
        "21": 64,
        "22": 52,
        "23": 30,
        "24": 32,
        "25": 12,
        "26": 7,
        "27": 1,
        "28": 4,
        "29": 1
      },
      "avg_native_length": 7.9071369975389665,
      "avg_english_length": 9.429696472518458,
      "total_words": 12190,
      "total_pairs": 12190,
      "missing_fields": {
        "native": 0,
        "english": 0
      }
    },
    "char_stats": {
      "native_charset": [
        "ँ",
        "ं",
        "ः",
        "अ",
        "आ",
        "इ",
        "ई",
        "उ",
        "ऊ",
        "ऋ",
        "ऍ",
        "ए",
        "ऐ",
        "ऑ",
        "ओ",
        "औ",
        "क",
        "ख",
        "ग",
        "घ",
        "च",
        "छ",
        "ज",
        "झ",
        "ञ",
        "ट",
        "ठ",
        "ड",
        "ढ",
        "ण",
        "त",
        "थ",
        "द",
        "ध",
        "न",
        "प",
        "फ",
        "ब",
        "भ",
        "म",
        "य",
        "र",
        "ऱ",
        "ल",
        "ळ",
        "व",
        "श",
        "ष",
        "स",
        "ह",
        "़",
        "ऽ",
        "ा",
        "ि",
        "ी",
        "ु",
        "ू",
        "ृ",
        "ॅ",
        "ॆ",
        "े",
        "ै",
        "ॉ",
        "ो",
        "ौ",
        "्"
      ],
      "english_charset": [
        "a",
        "b",
        "c",
        "d",
        "e",
        "f",
        "g",
        "h",
        "i",
        "j",
        "k",
        "l",
        "m",
        "n",
        "o",
        "p",
        "q",
        "r",
        "s",
        "t",
        "u",
        "v",
        "w",
        "x",
        "y",
        "z"
      ],
      "native_charset_size": 66,
      "english_charset_size": 26
    },
    "source_stats": {
      "AK-Freq": 4467,
      "AK-NEF": 831,
      "AK-NEI": 1247,
      "Dakshina": 5645
    },
    "score_stats": {
      "min_score": null,
      "max_score": null,
      "mean_score": null,
      "median_score": null,
      "total_scores": 0,
      "missing_scores": 12190
    }
  },
  "valid": {
    "length_stats": {
      "native_length_dist": {
        "2": 53,
        "3": 236,
        "4": 762,
        "5": 972,
        "6": 1198,
        "7": 818,
        "8": 968,
        "9": 653,
        "10": 600,
        "11": 448,
        "12": 374,
        "13": 207,
        "14": 144,
        "15": 100,
        "16": 52,
        "17": 44,
        "18": 13,
        "19": 4
      },
      "english_length_dist": {
        "1": 1,
        "2": 8,
        "3": 89,
        "4": 296,
        "5": 658,
        "6": 881,
        "7": 876,
        "8": 901,
        "9": 831,
        "10": 779,
        "11": 660,
        "12": 528,
        "13": 391,
        "14": 258,
        "15": 178,
        "16": 127,
        "17": 75,
        "18": 50,
        "19": 30,
        "20": 13,
        "21": 10,
        "22": 4,
        "23": 2
      },
      "avg_native_length": 7.68637195919435,
      "avg_english_length": 9.023672508501177,
      "total_words": 7646,
      "total_pairs": 7646,
      "missing_fields": {
        "native": 0,
        "english": 0
      }
    },
    "char_stats": {
      "native_charset": [
        "ँ",
        "ं",
        "ः",
        "अ",
        "आ",
        "इ",
        "ई",
        "उ",
        "ऊ",
        "ए",
        "ऐ",
        "ऑ",
        "ओ",
        "औ",
        "क",
        "ख",
        "ग",
        "घ",
        "च",
        "छ",
        "ज",
        "झ",
        "ञ",
        "ट",
        "ठ",
        "ड",
        "ढ",
        "ण",
        "त",
        "थ",
        "द",
        "ध",
        "न",
        "प",
        "फ",
        "ब",
        "भ",
        "म",
        "य",
        "र",
        "ऱ",
        "ल",
        "ळ",
        "व",
        "श",
        "ष",
        "स",
        "ह",
        "़",
        "ा",
        "ि",
        "ी",
        "ु",
        "ू",
        "ृ",
        "ॅ",
        "े",
        "ै",
        "ॉ",
        "ो",
        "ौ",
        "्"
      ],