{
  "train": {
    "length_stats": {
      "native_length_dist": {
        "2": 15,
        "3": 3870,
        "4": 28162,
        "5": 89915,
        "6": 184930,
        "7": 255785,
        "8": 320533,
        "9": 319294,
        "10": 308258,
        "11": 259707,
        "12": 205654,
        "13": 149383,
        "14": 104734,
        "15": 69113,
        "16": 44544,
        "17": 27513,
        "18": 16519,
        "19": 9485
      },
      "english_length_dist": {
        "1": 11,
        "2": 104,
        "3": 4165,
        "4": 12991,
        "5": 54044,
        "6": 115095,
        "7": 185960,
        "8": 238515,
        "9": 267547,
        "10": 280848,
        "11": 273401,
        "12": 244014,
        "13": 201300,
        "14": 156055,
        "15": 119202,
        "16": 86186,
        "17": 59958,
        "18": 40100,
        "19": 25836,
        "20": 15764,
        "21": 8733,
        "22": 4380,
        "23": 2012,
        "24": 828,
        "25": 263,
        "26": 76,
        "27": 17,
        "28": 6,
        "29": 3
      },
      "avg_native_length": 9.76968725468359,
      "avg_english_length": 10.952794135681197,
      "total_words": 2397414,
      "total_pairs": 2397414,
      "missing_fields": {
        "native": 0,
        "english": 0
      }
    },
    "char_stats": {
      "native_charset": [
        "ँ",
        "ं",
        "ः",
        "अ",
        "आ",
        "इ",
        "ई",
        "उ",
        "ऊ",
        "ऋ",
        "ए",
        "ऐ",
        "ऑ",
        "ओ",
        "औ",
        "क",
        "ख",
        "ग",
        "घ",
        "ङ",
        "च",
        "छ",
        "ज",
        "झ",
        "ञ",
        "ट",
        "ठ",
        "ड",
        "ढ",
        "ण",
        "त",
        "थ",
        "द",
        "ध",
        "न",
        "प",
        "फ",
        "ब",
        "भ",
        "म",
        "य",
        "र",
        "ल",
        "व",
        "श",
        "ष",
        "स",
        "ह",
        "़",
        "ऽ",
        "ा",
        "ि",
        "ी",
        "ु",
        "ू",
        "ृ",
        "े",
        "ै",
        "ॉ",
        "ो",
        "ौ",
        "्",
        "ॠ",
        "॰"
      ],
      "english_charset": [
        "a",
        "b",
        "c",
        "d",
        "e",
        "f",
        "g",
        "h",
        "i",
        "j",
        "k",
        "l",
        "m",
        "n",
        "o",
        "p",
        "q",
        "r",
        "s",
        "t",
        "u",
        "v",
        "w",
        "x",
        "y",
        "z"
      ],
      "native_charset_size": 64,
      "english_charset_size": 26
    },
    "source_stats": {
      "AK-Freq": 3539,
      "Wikidata": 2648,
      "IndicCorp": 2391227
    },
    "score_stats": {
      "min_score": -0.3499999825,
      "max_score": -0.0001431418,
      "mean_score": -0.13195027039226967,
      "median_score": -0.1089193281,
      "total_scores": 2391227,
      "missing_scores": 6187
    }
  },
  "test": {
    "length_stats": {
      "native_length_dist": {
        "2": 12,
        "3": 149,
        "4": 406,
        "5": 560,
        "6": 700,
        "7": 509,
        "8": 456,
        "9": 335,
        "10": 274,
        "11": 181,
        "12": 163,
        "13": 112,
        "14": 113,
        "15": 50,
        "16": 38,
        "17": 15,
        "18": 16,
        "19": 7,
        "20": 5
      },
      "english_length_dist": {
        "2": 1,
        "3": 36,
        "4": 257,
        "5": 497,
        "6": 599,
        "7": 565,
        "8": 465,
        "9": 380,
        "10": 278,
        "11": 252,
        "12": 193,
        "13": 155,
        "14": 106,
        "15": 99,
        "16": 80,
        "17": 52,
        "18": 33,
        "19": 26,
        "20": 13,
        "21": 10,
        "22": 3,
        "26": 1
      },
      "avg_native_length": 7.603023652767618,
      "avg_english_length": 8.529139234333089,
      "total_words": 4101,
      "total_pairs": 4101,
      "missing_fields": {
        "native": 0,
        "english": 0
      }
    },
    "char_stats": {
      "native_charset": [
        "ँ",
        "ं",
        "अ",
        "आ",
        "इ",
        "ई",
        "उ",
        "ऊ",
        "ऋ",
        "ए",
        "ऐ",
        "ओ",
        "औ",
        "क",
        "ख",
        "ग",
        "घ",
        "ङ",
        "च",
        "छ",
        "ज",
        "झ",
        "ञ",
        "ट",
        "ठ",
        "ड",
        "ढ",
        "ण",
        "त",
        "थ",
        "द",
        "ध",
        "न",
        "प",
        "फ",
        "ब",
        "भ",
        "म",
        "य",
        "र",
        "ल",
        "व",
        "श",
        "ष",
        "स",
        "ह",
        "़",
        "ा",
        "ि",
        "ी",
        "ु",
        "ू",
        "ृ",
        "े",
        "ै",
        "ो",
        "ौ",
        "्"
      ],
      "english_charset": [
        "a",
        "b",
        "c",
        "d",
        "e",
        "f",
        "g",
        "h",
        "i",
        "j",
        "k",
        "l",
        "m",
        "n",
        "o",
        "p",
        "q",
        "r",
        "s",
        "t",
        "u",
        "v",
        "w",
        "x",
        "y",
        "z"
      ],
      "native_charset_size": 58,
      "english_charset_size": 26
    },
    "source_stats": {
      "AK-Freq": 2108,
      "AK-NEF": 817,
      "AK-NEI": 1176
    },
    "score_stats": {
      "min_score": null,
      "max_score": null,
      "mean_score": null,
      "median_score": null,
      "total_scores": 0,
      "missing_scores": 4101
    }
  },
  "valid": {
    "length_stats": {
      "native_length_dist": {
        "3": 37,
        "4": 103,
        "5": 186,
        "6": 298,
        "7": 322,
        "8": 336,
        "9": 312,
        "10": 289,
        "11": 281,
        "12": 211,
        "13": 165,
        "14": 97,
        "15": 78,
        "16": 38,
        "17": 27,
        "18": 13,
        "19": 9,
        "20": 2
      },
      "english_length_dist": {
        "3": 12,
        "4": 47,
        "5": 126,
        "6": 207,
        "7": 275,
        "8": 269,
        "9": 279,
        "10": 293,
        "11": 294,
        "12": 262,
        "13": 210,
        "14": 136,
        "15": 121,
        "16": 111,
        "17": 60,
        "18": 46,
        "19": 20,
        "20": 22,
        "21": 10,
        "22": 2,
        "23": 1,
        "24": 1
      },
      "avg_native_length": 9.161554921540656,
      "avg_english_length": 10.40870185449358,
      "total_words": 2804,
      "total_pairs": 2804,
      "missing_fields": {
        "native": 0,
        "english": 0
      }
    },
    "char_stats": {
      "native_charset": [
        "ँ",
        "ं",
        "ः",
        "अ",
        "आ",
        "इ",
        "ई",
        "उ",
        "ऋ",
        "ए",
        "ऐ",
        "ओ",
        "औ",
        "क",
        "ख",
        "ग",
        "घ",
        "ङ",
        "च",
        "छ",
        "ज",
        "झ",
        "ञ",
        "ट",
        "ठ",
        "ड",
        "ढ",
        "ण",
        "त",
        "थ",
        "द",
        "ध",
        "न",
        "प",
        "फ",
        "ब",
        "भ",
        "म",
        "य",
        "र",
        "ल",
        "व",
        "श",
        "ष",
        "स",
        "ह",
        "़",
        "ा",
        "ि",
        "ी",
        "ु",
        "ू",
        "ृ",
        "े",
        "ै",
        "ो",
        "ौ",
        "्"
      ],
      "english_charset": [
        "a",
        "b",
        "c",
        "d",
        "e",
        "f",
        "g",
        "h",
        "i",
        "j",
        "k",
        "l",
        "m",
        "n",
        "o",
        "p",
        "q",
        "r",
        "s",
        "t",
        "u",
        "v",
        "w",
        "x",
        "y",
        "z"
      ],
      "native_charset_size": 58,
      "english_charset_size": 26
    },
    "source_stats": {
      "AK-Uni": 279,
      "AK-Freq": 525,