{
  "train": {
    "length_stats": {
      "native_length_dist": {
        "3": 1452,
        "4": 9718,
        "5": 23177,
        "6": 40528,
        "7": 47589,
        "8": 55228,
        "9": 47891,
        "10": 40632,
        "11": 29732,
        "12": 20846,
        "13": 12942,
        "14": 7685,
        "15": 4436,
        "16": 2362,
        "17": 1255,
        "18": 660,
        "19": 353,
        "20": 1,
        "21": 2,
        "22": 3
      },
      "english_length_dist": {
        "2": 114,
        "3": 2465,
        "4": 5202,
        "5": 13783,
        "6": 26510,
        "7": 34297,
        "8": 41618,
        "9": 44857,
        "10": 42817,
        "11": 37525,
        "12": 30629,
        "13": 23406,
        "14": 16256,
        "15": 10819,
        "16": 6816,
        "17": 4084,
        "18": 2423,
        "19": 1412,
        "20": 738,
        "21": 402,
        "22": 195,
        "23": 77,
        "24": 35,
        "25": 6,
        "26": 2,
        "27": 3,
        "29": 1
      },
      "avg_native_length": 8.692809646398763,
      "avg_english_length": 9.856282396130357,
      "total_words": 346492,
      "total_pairs": 346492,
      "missing_fields": {
        "native": 0,
        "english": 0
      }
    },
    "char_stats": {
      "native_charset": [
        "ଁ",
        "ଂ",
        "ଃ",
        "ଅ",
        "ଆ",
        "ଇ",
        "ଈ",
        "ଉ",
        "ଊ",
        "ଋ",
        "ଏ",
        "ଐ",
        "ଓ",
        "ଔ",
        "କ",
        "ଖ",
        "ଗ",
        "ଘ",
        "ଙ",
        "ଚ",
        "ଛ",
        "ଜ",
        "ଝ",
        "ଞ",
        "ଟ",
        "ଠ",
        "ଡ",
        "ଢ",
        "ଣ",
        "ତ",
        "ଥ",
        "ଦ",
        "ଧ",
        "ନ",
        "ପ",
        "ଫ",
        "ବ",
        "ଭ",
        "ମ",
        "ଯ",
        "ର",
        "ଲ",
        "ଳ",
        "ଶ",
        "ଷ",
        "ସ",
        "ହ",
        "଼",
        "ା",
        "ି",
        "ୀ",
        "ୁ",
        "ୂ",
        "ୃ",
        "େ",
        "ୈ",
        "ୋ",
        "ୌ",
        "୍",
        "ୟ",
        "ୢ",
        "ୱ"
      ],
      "english_charset": [
        "a",
        "b",
        "c",
        "d",
        "e",
        "f",
        "g",
        "h",
        "i",
        "j",
        "k",
        "l",
        "m",
        "n",
        "o",
        "p",
        "q",
        "r",
        "s",
        "t",
        "u",
        "v",
        "w",
        "x",
        "y",
        "z"
      ],
      "native_charset_size": 62,
      "english_charset_size": 26
    },
    "source_stats": {
      "Wikidata": 182,
      "Samanantar": 9544,
      "IndicCorp": 336766
    },
    "score_stats": {
      "min_score": -0.3499949276,
      "max_score": -0.0014655142,
      "mean_score": -0.15042326758750083,
      "median_score": -0.13344619795,
      "total_scores": 336766,
      "missing_scores": 9726
    }
  },
  "test": {
    "length_stats": {
      "native_length_dist": {
        "1": 1,
        "2": 12,
        "3": 151,
        "4": 393,
        "5": 535,
        "6": 681,
        "7": 583,
        "8": 481,
        "9": 323,
        "10": 277,
        "11": 246,
        "12": 142,
        "13": 142,
        "14": 88,
        "15": 66,
        "16": 40,
        "17": 25,
        "18": 23,
        "19": 10,
        "20": 9
      },
      "english_length_dist": {
        "2": 4,
        "3": 35,
        "4": 265,
        "5": 504,
        "6": 633,
        "7": 586,
        "8": 486,
        "9": 387,
        "10": 316,
        "11": 228,
        "12": 174,
        "13": 147,
        "14": 115,
        "15": 96,
        "16": 75,
        "17": 59,
        "18": 33,
        "19": 31,
        "20": 20,
        "21": 22,
        "22": 4,
        "23": 5,
        "24": 3
      },
      "avg_native_length": 7.744560075685904,
      "avg_english_length": 8.562913907284768,
      "total_words": 4228,
      "total_pairs": 4228,
      "missing_fields": {
        "native": 0,
        "english": 0
      }
    },
    "char_stats": {
      "native_charset": [
        "ଁ",
        "ଂ",
        "ଃ",
        "ଅ",
        "ଆ",
        "ଇ",
        "ଈ",
        "ଉ",
        "ଊ",
        "ଋ",
        "ଏ",
        "ଐ",
        "ଓ",
        "ଔ",
        "କ",
        "ଖ",
        "ଗ",
        "ଘ",
        "ଙ",
        "ଚ",
        "ଛ",
        "ଜ",
        "ଝ",
        "ଞ",
        "ଟ",
        "ଠ",
        "ଡ",
        "ଢ",
        "ଣ",
        "ତ",
        "ଥ",
        "ଦ",
        "ଧ",
        "ନ",
        "ପ",
        "ଫ",
        "ବ",
        "ଭ",
        "ମ",
        "ଯ",
        "ର",
        "ଲ",
        "ଳ",
        "ଶ",
        "ଷ",
        "ସ",
        "ହ",
        "଼",
        "ା",
        "ି",
        "ୀ",
        "ୁ",
        "ୂ",
        "ୃ",
        "େ",
        "ୈ",
        "ୋ",
        "ୌ",
        "୍",
        "୘",
        "ୟ",
        "ୢ",
        "ୱ"
      ],
      "english_charset": [
        "a",
        "b",
        "c",
        "d",
        "e",
        "f",
        "g",
        "h",
        "i",
        "j",
        "k",
        "l",
        "m",
        "n",
        "o",
        "p",
        "q",
        "r",
        "s",
        "t",
        "u",
        "v",
        "w",
        "x",
        "y",
        "z"
      ],
      "native_charset_size": 63,
      "english_charset_size": 26
    },
    "source_stats": {
      "AK-Freq": 2222,
      "AK-NEF": 822,
      "AK-NEI": 1184
    },
    "score_stats": {
      "min_score": null,
      "max_score": null,
      "mean_score": null,
      "median_score": null,
      "total_scores": 0,
      "missing_scores": 4228
    }
  },
  "valid": {
    "length_stats": {
      "native_length_dist": {
        "3": 59,
        "4": 190,
        "5": 287,
        "6": 386,
        "7": 382,
        "8": 399,
        "9": 334,
        "10": 311,
        "11": 238,
        "12": 187,
        "13": 115,
        "14": 84,
        "15": 40,
        "16": 36,
        "17": 17,
        "18": 10,
        "19": 15,
        "20": 3
      },
      "english_length_dist": {
        "1": 1,
        "3": 25,
        "4": 92,
        "5": 154,
        "6": 284,
        "7": 335,
        "8": 349,
        "9": 360,
        "10": 310,
        "11": 289,
        "12": 228,
        "13": 215,
        "14": 133,
        "15": 96,
        "16": 69,
        "17": 51,
        "18": 34,
        "19": 22,
        "20": 21,
        "21": 11,
        "22": 6,
        "23": 5,
        "24": 3
      },
      "avg_native_length": 8.468477206595539,
      "avg_english_length": 9.82153249272551,
      "total_words": 3093,
      "total_pairs": 3093,
      "missing_fields": {
        "native": 0,
        "english": 0
      }
    },
    "char_stats": {
      "native_charset": [
        "ଁ",
        "ଂ",
        "ଃ",
        "ଅ",
        "ଆ",
        "ଇ",
        "ଉ",
        "ଊ",
        "ଋ",
        "ଏ",
        "ଐ",
        "ଓ",
        "ଔ",
        "କ",
        "ଖ",
        "ଗ",
        "ଘ",
        "ଙ",
        "ଚ",
        "ଛ",
        "ଜ",
        "ଝ",
        "ଞ",
        "ଟ",
        "ଠ",
        "ଡ",
        "ଢ",
        "ଣ",
        "ତ",
        "ଥ",
        "ଦ",
        "ଧ",
        "ନ",
        "ପ",
        "ଫ",
        "ବ",
        "ଭ",
        "ମ",
        "ଯ",
        "ର",
        "ଲ",
        "ଳ",
        "ଶ",
        "ଷ",
        "ସ",
        "ହ",
        "଼",
        "ା",
        "ି",
        "ୀ",
        "ୁ",
        "ୂ",
        "ୃ",
        "େ",
        "ୈ",
        "ୋ",
        "ୌ",
        "୍",
        "ୟ",
        "ୱ"
      ],
      "english_charset": [
        "a",
        "b",
        "c",
        "d",
        "e",
        "f",
        "g",
        "h",
        "i",
        "j",
        "k",
        "l",
        "m",
        "n",
        "o",
        "p",
        "q",
        "r",
        "s",
        "t",
        "u",
        "v",
        "w",
        "x",
        "y",
        "z"
      ],
      "native_charset_size": 60,
      "english_charset_size": 26
    },