{
  "train": {
    "length_stats": {
      "native_length_dist": {
        "1": 4,
        "2": 231,
        "3": 6375,
        "4": 41902,
        "5": 91399,
        "6": 110797,
        "7": 98159,
        "8": 72578,
        "9": 43905,
        "10": 24752,
        "11": 12270,
        "12": 6226,
        "13": 3022,
        "14": 1526,
        "15": 736,
        "16": 378,
        "17": 213,
        "18": 149,
        "19": 96,
        "20": 2,
        "21": 3,
        "22": 1
      },
      "english_length_dist": {
        "1": 7,
        "2": 184,
        "3": 5449,
        "4": 15582,
        "5": 51592,
        "6": 89363,
        "7": 99457,
        "8": 88923,
        "9": 67546,
        "10": 43765,
        "11": 25399,
        "12": 13850,
        "13": 6931,
        "14": 3396,
        "15": 1532,
        "16": 765,
        "17": 420,
        "18": 221,
        "19": 120,
        "20": 108,
        "21": 54,
        "22": 30,
        "23": 20,
        "24": 8,
        "25": 1,
        "27": 1
      },
      "avg_native_length": 6.828999619213404,
      "avg_english_length": 7.698974596094217,
      "total_words": 514724,
      "total_pairs": 514724,
      "missing_fields": {
        "native": 0,
        "english": 0
      }
    },
    "char_stats": {
      "native_charset": [
        "ਂ",
        "ਅ",
        "ਆ",
        "ਇ",
        "ਈ",
        "ਉ",
        "ਊ",
        "ਏ",
        "ਐ",
        "ਓ",
        "ਔ",
        "ਕ",
        "ਖ",
        "ਗ",
        "ਘ",
        "ਙ",
        "ਚ",
        "ਛ",
        "ਜ",
        "ਝ",
        "ਞ",
        "ਟ",
        "ਠ",
        "ਡ",
        "ਢ",
        "ਣ",
        "ਤ",
        "ਥ",
        "ਦ",
        "ਧ",
        "ਨ",
        "ਪ",
        "ਫ",
        "ਬ",
        "ਭ",
        "ਮ",
        "ਯ",
        "ਰ",
        "ਲ",
        "ਵ",
        "ਸ",
        "ਹ",
        "਼",
        "ਾ",
        "ਿ",
        "ੀ",
        "ੁ",
        "ੂ",
        "ੇ",
        "ੈ",
        "ੋ",
        "ੌ",
        "੍",
        "ੜ",
        "ੰ",
        "ੱ",
        "ੲ"
      ],
      "english_charset": [
        "a",
        "b",
        "c",
        "d",
        "e",
        "f",
        "g",
        "h",
        "i",
        "j",
        "k",
        "l",
        "m",
        "n",
        "o",
        "p",
        "q",
        "r",
        "s",
        "t",
        "u",
        "v",
        "w",
        "x",
        "y",
        "z"
      ],
      "native_charset_size": 57,
      "english_charset_size": 26
    },
    "source_stats": {
      "Dakshina": 50468,
      "Existing": 4276,
      "Wikidata": 5722,
      "Samanantar": 55290,
      "IndicCorp": 398968
    },
    "score_stats": {
      "min_score": -0.3499995545,
      "max_score": -0.0028863781,
      "mean_score": -0.19902558401439138,
      "median_score": -0.19790703055,
      "total_scores": 398968,
      "missing_scores": 115756
    }
  },
  "test": {
    "length_stats": {
      "native_length_dist": {
        "2": 99,
        "3": 822,
        "4": 2286,
        "5": 2550,
        "6": 2091,
        "7": 1417,
        "8": 865,
        "9": 505,
        "10": 256,
        "11": 187,
        "12": 71,
        "13": 44,
        "14": 16,
        "15": 8,
        "16": 8,
        "17": 5,
        "18": 6,
        "20": 1
      },
      "english_length_dist": {
        "1": 1,
        "2": 25,
        "3": 263,
        "4": 982,
        "5": 1869,
        "6": 2225,
        "7": 1951,
        "8": 1446,
        "9": 1043,
        "10": 611,
        "11": 357,
        "12": 218,
        "13": 115,
        "14": 54,
        "15": 41,
        "16": 17,
        "17": 6,
        "18": 4,
        "20": 2,
        "21": 1,
        "23": 2,
        "24": 1,
        "27": 1,
        "28": 1,
        "29": 1
      },
      "avg_native_length": 5.8035062739165255,
      "avg_english_length": 6.964047343597046,
      "total_words": 11237,
      "total_pairs": 11237,
      "missing_fields": {
        "native": 0,
        "english": 0
      }
    },
    "char_stats": {
      "native_charset": [
        "ਂ",
        "ਃ",
        "ਅ",
        "ਆ",
        "ਇ",
        "ਈ",
        "ਉ",
        "ਊ",
        "ਏ",
        "ਐ",
        "ਓ",
        "ਔ",
        "ਕ",
        "ਖ",
        "ਗ",
        "ਘ",
        "ਚ",
        "ਛ",
        "ਜ",
        "ਝ",
        "ਟ",
        "ਠ",
        "ਡ",
        "ਢ",
        "ਣ",
        "ਤ",
        "ਥ",
        "ਦ",
        "ਧ",
        "ਨ",
        "ਪ",
        "ਫ",
        "ਬ",
        "ਭ",
        "ਮ",
        "ਯ",
        "ਰ",
        "ਲ",
        "ਵ",
        "ਸ",
        "ਹ",
        "਼",
        "ਾ",
        "ਿ",
        "ੀ",
        "ੁ",
        "ੂ",
        "ੇ",
        "ੈ",
        "ੋ",
        "ੌ",
        "੍",
        "ੜ",
        "ੰ",
        "ੱ",
        "ੲ",
        "ੳ"
      ],
      "english_charset": [
        "a",
        "b",
        "c",
        "d",
        "e",
        "f",
        "g",
        "h",
        "i",
        "j",
        "k",
        "l",
        "m",
        "n",
        "o",
        "p",
        "q",
        "r",
        "s",
        "t",
        "u",
        "v",
        "w",
        "x",
        "y",
        "z"
      ],
      "native_charset_size": 57,
      "english_charset_size": 26
    },
    "source_stats": {
      "AK-Freq": 2194,
      "AK-NEF": 859,
      "AK-NEI": 1234,
      "Dakshina": 6950
    },
    "score_stats": {
      "min_score": null,
      "max_score": null,
      "mean_score": null,
      "median_score": null,
      "total_scores": 0,
      "missing_scores": 11237
    }
  },
  "valid": {
    "length_stats": {
      "native_length_dist": {
        "1": 2,
        "2": 58,
        "3": 695,
        "4": 1751,
        "5": 2185,
        "6": 1899,
        "7": 1081,
        "8": 575,
        "9": 329,
        "10": 190,
        "11": 66,
        "12": 24,
        "13": 17,
        "14": 4,
        "15": 3,
        "16": 1
      },
      "english_length_dist": {
        "1": 1,
        "2": 14,
        "3": 233,
        "4": 776,
        "5": 1460,
        "6": 1903,
        "7": 1646,
        "8": 1190,
        "9": 770,
        "10": 469,
        "11": 237,
        "12": 104,
        "13": 44,
        "14": 25,
        "15": 4,
        "16": 2,
        "17": 1,
        "20": 1
      },
      "avg_native_length": 5.620045045045045,
      "avg_english_length": 6.770045045045045,
      "total_words": 8880,
      "total_pairs": 8880,
      "missing_fields": {
        "native": 0,
        "english": 0
      }
    },
    "char_stats": {
      "native_charset": [
        "ਂ",
        "ਅ",
        "ਆ",
        "ਇ",
        "ਈ",
        "ਉ",
        "ਊ",
        "ਏ",
        "ਐ",
        "ਓ",
        "ਔ",
        "ਕ",
        "ਖ",
        "ਗ",
        "ਘ",
        "ਚ",
        "ਛ",
        "ਜ",
        "ਝ",
        "ਟ",
        "ਠ",
        "ਡ",
        "ਢ",
        "ਣ",
        "ਤ",
        "ਥ",
        "ਦ",
        "ਧ",
        "ਨ",
        "ਪ",
        "ਫ",
        "ਬ",
        "ਭ",
        "ਮ",
        "ਯ",
        "ਰ",
        "ਲ",
        "ਵ",
        "ਸ",
        "ਹ",
        "਼",
        "ਾ",
        "ਿ",
        "ੀ",
        "ੁ",
        "ੂ",
        "ੇ",
        "ੈ",
        "ੋ",
        "ੌ",
        "੍",
        "ੜ",
        "ੰ",
        "ੱ"
      ],
      "english_charset": [
        "a",
        "b",
        "c",
        "d",
        "e",
        "f",
        "g",
        "h",
        "i",
        "j",
        "k",
        "l",
        "m",
        "n",
        "o",
        "p",
        "q",
        "r",
        "s",
        "t",
        "u",
        "v",
        "w",
        "x",
        "y",
        "z"
      ],
      "native_charset_size": 54,
      "english_charset_size": 26
    },
    "source_stats": {
      "Wikidata": 258,
      "Samanantar": 968,
      "IndicCorp": 2680,
      "Dakshina": 4974
    },
    "score_stats": {
      "min_score": -0.3499759436,
      "max_score": -0.0142385571,
      "mean_score": -0.19167282691182835,