{
  "train": {
    "length_stats": {
      "native_length_dist": {
        "2": 3,
        "3": 3003,
        "4": 17423,
        "5": 44446,
        "6": 82388,
        "7": 121291,
        "8": 158224,
        "9": 182666,
        "10": 187190,
        "11": 176795,
        "12": 158330,
        "13": 138652,
        "14": 121069,
        "15": 107269,
        "16": 96441,
        "17": 85512,
        "18": 72823,
        "19": 59844
      },
      "english_length_dist": {
        "1": 11,
        "2": 17,
        "3": 403,
        "4": 2613,
        "5": 11057,
        "6": 28499,
        "7": 51751,
        "8": 78903,
        "9": 106087,
        "10": 131053,
        "11": 147683,
        "12": 154835,
        "13": 150978,
        "14": 142564,
        "15": 129866,
        "16": 113807,
        "17": 97593,
        "18": 84665,
        "19": 76424,
        "20": 72396,
        "21": 67744,
        "22": 59174,
        "23": 44475,
        "24": 28418,
        "25": 15911,
        "26": 8500,
        "27": 4220,
        "28": 2113,
        "29": 958,
        "30": 432,
        "31": 159,
        "32": 45,
        "33": 14,
        "34": 1
      },
      "avg_native_length": 11.482373416552285,
      "avg_english_length": 14.370349333202453,
      "total_words": 1813369,
      "total_pairs": 1813369,
      "missing_fields": {
        "native": 0,
        "english": 0
      }
    },
    "char_stats": {
      "native_charset": [
        "ँ",
        "ं",
        "ः",
        "अ",
        "आ",
        "इ",
        "ई",
        "उ",
        "ऊ",
        "ऋ",
        "ए",
        "ऐ",
        "ऑ",
        "ओ",
        "औ",
        "क",
        "ख",
        "ग",
        "घ",
        "ङ",
        "च",
        "छ",
        "ज",
        "झ",
        "ञ",
        "ट",
        "ठ",
        "ड",
        "ढ",
        "ण",
        "त",
        "थ",
        "द",
        "ध",
        "न",
        "प",
        "फ",
        "ब",
        "भ",
        "म",
        "य",
        "र",
        "ल",
        "ळ",
        "व",
        "श",
        "ष",
        "स",
        "ह",
        "़",
        "ऽ",
        "ा",
        "ि",
        "ी",
        "ु",
        "ू",
        "ृ",
        "ॄ",
        "ॅ",
        "े",
        "ै",
        "ॉ",
        "ॊ",
        "ो",
        "ौ",
        "्",
        "॰"
      ],
      "english_charset": [
        "a",
        "b",
        "c",
        "d",
        "e",
        "f",
        "g",
        "h",
        "i",
        "j",
        "k",
        "l",
        "m",
        "n",
        "o",
        "p",
        "q",
        "r",
        "s",
        "t",
        "u",
        "v",
        "w",
        "x",
        "y",
        "z"
      ],
      "native_charset_size": 67,
      "english_charset_size": 26
    },
    "source_stats": {
      "AK-Freq": 6158,
      "Wikidata": 1079,
      "IndicCorp": 1806132
    },
    "score_stats": {
      "min_score": -0.349999927,
      "max_score": -0.0001261496,
      "mean_score": -0.08827054927957054,
      "median_score": -0.0550780846,
      "total_scores": 1806132,
      "missing_scores": 7237
    }
  },
  "test": {
    "length_stats": {
      "native_length_dist": {
        "2": 8,
        "3": 132,
        "4": 450,
        "5": 622,
        "6": 801,
        "7": 715,
        "8": 707,
        "9": 466,
        "10": 377,
        "11": 277,
        "12": 197,
        "13": 164,
        "14": 116,
        "15": 87,
        "16": 54,
        "17": 49,
        "18": 43,
        "19": 35,
        "20": 2
      },
      "english_length_dist": {
        "2": 1,
        "3": 24,
        "4": 273,
        "5": 547,
        "6": 697,
        "7": 717,
        "8": 569,
        "9": 522,
        "10": 426,
        "11": 338,
        "12": 278,
        "13": 190,
        "14": 169,
        "15": 118,
        "16": 111,
        "17": 77,
        "18": 35,
        "19": 39,
        "20": 32,
        "21": 49,
        "22": 27,
        "23": 31,
        "24": 15,
        "25": 7,
        "26": 6,
        "27": 1,
        "28": 3
      },
      "avg_native_length": 7.997170878913617,
      "avg_english_length": 9.148623161071294,
      "total_words": 5302,
      "total_pairs": 5302,
      "missing_fields": {
        "native": 0,
        "english": 0
      }
    },
    "char_stats": {
      "native_charset": [
        "ँ",
        "ं",
        "ः",
        "अ",
        "आ",
        "इ",
        "ई",
        "उ",
        "ऊ",
        "ऋ",
        "ए",
        "ऐ",
        "ऑ",
        "ओ",
        "औ",
        "क",
        "ख",
        "ग",
        "घ",
        "ङ",
        "च",
        "छ",
        "ज",
        "झ",
        "ञ",
        "ट",
        "ठ",
        "ड",
        "ढ",
        "ण",
        "त",
        "थ",
        "द",
        "ध",
        "न",
        "प",
        "फ",
        "ब",
        "भ",
        "म",
        "य",
        "र",
        "ल",
        "व",
        "श",
        "ष",
        "स",
        "ह",
        "़",
        "ऽ",
        "ा",
        "ि",
        "ी",
        "ु",
        "ू",
        "ृ",
        "ॄ",
        "ॆ",
        "े",
        "ै",
        "ॉ",
        "ॊ",
        "ो",
        "ौ",
        "्"
      ],
      "english_charset": [
        "a",
        "b",
        "c",
        "d",
        "e",
        "f",
        "g",
        "h",
        "i",
        "j",
        "k",
        "l",
        "m",
        "n",
        "o",
        "p",
        "q",
        "r",
        "s",
        "t",
        "u",
        "v",
        "w",
        "x",
        "y",
        "z"
      ],
      "native_charset_size": 65,
      "english_charset_size": 26
    },
    "source_stats": {
      "AK-Freq": 2927,
      "AK-NEF": 977,
      "AK-NEI": 1398
    },
    "score_stats": {
      "min_score": null,
      "max_score": null,
      "mean_score": null,
      "median_score": null,
      "total_scores": 0,
      "missing_scores": 5302
    }
  },
  "valid": {
    "length_stats": {
      "native_length_dist": {
        "3": 30,
        "4": 138,
        "5": 173,
        "6": 281,
        "7": 296,
        "8": 292,
        "9": 355,
        "10": 320,
        "11": 305,
        "12": 253,
        "13": 220,
        "14": 183,
        "15": 157,
        "16": 135,
        "17": 102,
        "18": 80,
        "19": 78
      },
      "english_length_dist": {
        "3": 7,
        "4": 30,
        "5": 64,
        "6": 152,
        "7": 201,
        "8": 239,
        "9": 242,
        "10": 286,
        "11": 266,
        "12": 272,
        "13": 268,
        "14": 244,
        "15": 196,
        "16": 176,
        "17": 126,
        "18": 136,
        "19": 100,
        "20": 91,
        "21": 86,
        "22": 89,
        "23": 57,
        "24": 29,
        "25": 19,
        "26": 13,
        "27": 5,
        "28": 2,
        "29": 2
      },
      "avg_native_length": 10.29429075927016,
      "avg_english_length": 12.866097704532077,
      "total_words": 3398,
      "total_pairs": 3398,
      "missing_fields": {
        "native": 0,
        "english": 0
      }
    },
    "char_stats": {
      "native_charset": [
        "ं",
        "ः",
        "अ",
        "आ",
        "इ",
        "ई",
        "उ",
        "ऊ",
        "ऋ",
        "ए",
        "ऐ",
        "ओ",
        "औ",
        "क",
        "ख",
        "ग",
        "घ",
        "ङ",
        "च",
        "छ",
        "ज",
        "झ",
        "ञ",
        "ट",
        "ठ",
        "ड",
        "ढ",
        "ण",
        "त",
        "थ",
        "द",
        "ध",
        "न",
        "प",
        "फ",
        "ब",
        "भ",
        "म",
        "य",
        "र",
        "ल",
        "ळ",
        "व",
        "श",
        "ष",
        "स",
        "ह",
        "ऽ",
        "ा",
        "ि",
        "ी",
        "ु",
        "ू",
        "ृ",
        "ॄ",
        "े",
        "ै",
        "ो",
        "ौ",
        "्"
      ],