{
  "train": {
    "length_stats": {
      "native_length_dist": {
        "1": 18,
        "2": 151,
        "3": 1955,
        "4": 13448,
        "5": 39716,
        "6": 91664,
        "7": 140577,
        "8": 214784,
        "9": 258345,
        "10": 315414,
        "11": 330242,
        "12": 345452,
        "13": 324935,
        "14": 295518,
        "15": 253666,
        "16": 211134,
        "17": 168326,
        "18": 128374,
        "19": 96780,
        "20": 183,
        "21": 100,
        "22": 64,
        "23": 27,
        "24": 16,
        "25": 4,
        "26": 5,
        "27": 3,
        "28": 1
      },
      "english_length_dist": {
        "1": 3,
        "2": 47,
        "3": 1371,
        "4": 6306,
        "5": 27248,
        "6": 59664,
        "7": 94037,
        "8": 129509,
        "9": 165421,
        "10": 203455,
        "11": 235845,
        "12": 259683,
        "13": 277043,
        "14": 281624,
        "15": 275683,
        "16": 258357,
        "17": 232092,
        "18": 202065,
        "19": 165878,
        "20": 129034,
        "21": 93202,
        "22": 61278,
        "23": 36835,
        "24": 19822,
        "25": 9382,
        "26": 3953,
        "27": 1450,
        "28": 444,
        "29": 136,
        "30": 33,
        "31": 1,
        "33": 1
      },
      "avg_native_length": 12.173792334153125,
      "avg_english_length": 14.114438011428387,
      "total_words": 3230902,
      "total_pairs": 3230902,
      "missing_fields": {
        "native": 0,
        "english": 0
      }
    },
    "char_stats": {
      "native_charset": [
        "ஃ",
        "அ",
        "ஆ",
        "இ",
        "ஈ",
        "உ",
        "ஊ",
        "எ",
        "ஏ",
        "ஐ",
        "ஒ",
        "ஓ",
        "ஔ",
        "க",
        "ங",
        "ச",
        "ஜ",
        "ஞ",
        "ட",
        "ண",
        "த",
        "ந",
        "ன",
        "ப",
        "ம",
        "ய",
        "ர",
        "ற",
        "ல",
        "ள",
        "ழ",
        "வ",
        "ஷ",
        "ஸ",
        "ஹ",
        "ா",
        "ி",
        "ீ",
        "ு",
        "ூ",
        "ெ",
        "ே",
        "ை",
        "ொ",
        "ோ",
        "ௌ",
        "்"
      ],
      "english_charset": [
        "a",
        "b",
        "c",
        "d",
        "e",
        "f",
        "g",
        "h",
        "i",
        "j",
        "k",
        "l",
        "m",
        "n",
        "o",
        "p",
        "q",
        "r",
        "s",
        "t",
        "u",
        "v",
        "w",
        "x",
        "y",
        "z"
      ],
      "native_charset_size": 47,
      "english_charset_size": 26
    },
    "source_stats": {
      "Dakshina": 60210,
      "AK-Freq": 776,
      "Existing": 1545,
      "Wikidata": 273,
      "Samanantar": 34447,
      "IndicCorp": 3133651
    },
    "score_stats": {
      "min_score": -0.3499998376,
      "max_score": -0.0011710978,
      "mean_score": -0.10447303730051458,
      "median_score": -0.0740959765,
      "total_scores": 3133651,
      "missing_scores": 97251
    }
  },
  "test": {
    "length_stats": {
      "native_length_dist": {
        "2": 77,
        "3": 190,
        "4": 733,
        "5": 796,
        "6": 1450,
        "7": 1268,
        "8": 1505,
        "9": 1254,
        "10": 981,
        "11": 840,
        "12": 628,
        "13": 479,
        "14": 351,
        "15": 264,
        "16": 170,
        "17": 163,
        "18": 120,
        "19": 107,
        "20": 119,
        "21": 3,
        "22": 1
      },
      "english_length_dist": {
        "2": 8,
        "3": 115,
        "4": 472,
        "5": 929,
        "6": 1195,
        "7": 1144,
        "8": 1105,
        "9": 1075,
        "10": 988,
        "11": 923,
        "12": 809,
        "13": 619,
        "14": 485,
        "15": 377,
        "16": 343,
        "17": 259,
        "18": 196,
        "19": 166,
        "20": 116,
        "21": 77,
        "22": 52,
        "23": 26,
        "24": 12,
        "25": 4,
        "26": 4
      },
      "avg_native_length": 8.902861118358118,
      "avg_english_length": 9.875989216453604,
      "total_words": 11499,
      "total_pairs": 11499,
      "missing_fields": {
        "native": 0,
        "english": 0
      }
    },
    "char_stats": {
      "native_charset": [
        "ஂ",
        "ஃ",
        "அ",
        "ஆ",
        "இ",
        "ஈ",
        "உ",
        "ஊ",
        "எ",
        "ஏ",
        "ஐ",
        "ஒ",
        "ஓ",
        "ஔ",
        "க",
        "ங",
        "ச",
        "ஜ",
        "ஞ",
        "ட",
        "ண",
        "த",
        "ந",
        "ன",
        "ப",
        "ம",
        "ய",
        "ர",
        "ற",
        "ல",
        "ள",
        "ழ",
        "வ",
        "ஷ",
        "ஸ",
        "ஹ",
        "ா",
        "ி",
        "ீ",
        "ு",
        "ூ",
        "ெ",
        "ே",
        "ை",
        "ொ",
        "ோ",
        "ௌ",
        "்"
      ],
      "english_charset": [
        "a",
        "b",
        "c",
        "d",
        "e",
        "f",
        "g",
        "h",
        "i",
        "j",
        "k",
        "l",
        "m",
        "n",
        "o",
        "p",
        "q",
        "r",
        "s",
        "t",
        "u",
        "v",
        "w",
        "x",
        "y",
        "z"
      ],
      "native_charset_size": 48,
      "english_charset_size": 26
    },
    "source_stats": {
      "AK-Freq": 2608,
      "AK-NEF": 829,
      "AK-NEI": 1216,
      "Dakshina": 6846
    },
    "score_stats": {
      "min_score": null,
      "max_score": null,
      "mean_score": null,
      "median_score": null,
      "total_scores": 0,
      "missing_scores": 11499
    }
  },
  "valid": {
    "length_stats": {
      "native_length_dist": {
        "1": 7,
        "2": 50,
        "3": 96,
        "4": 664,
        "5": 640,
        "6": 1015,
        "7": 901,
        "8": 871,
        "9": 815,
        "10": 823,
        "11": 665,
        "12": 606,
        "13": 526,
        "14": 363,
        "15": 279,
        "16": 195,
        "17": 132,
        "18": 113,
        "19": 58,
        "20": 5
      },
      "english_length_dist": {
        "1": 1,
        "2": 7,
        "3": 103,
        "4": 333,
        "5": 589,
        "6": 730,
        "7": 771,
        "8": 686,
        "9": 723,
        "10": 729,
        "11": 711,
        "12": 656,
        "13": 592,
        "14": 537,
        "15": 411,
        "16": 366,
        "17": 291,
        "18": 197,
        "19": 139,
        "20": 90,
        "21": 59,
        "22": 52,
        "23": 32,
        "24": 11,
        "25": 4,
        "26": 2,
        "27": 2
      },
      "avg_native_length": 9.119786944696283,
      "avg_english_length": 10.552357207615595,
      "total_words": 8824,
      "total_pairs": 8824,
      "missing_fields": {
        "native": 0,
        "english": 0
      }
    },
    "char_stats": {
      "native_charset": [
        "ஃ",
        "அ",
        "ஆ",
        "இ",
        "ஈ",
        "உ",
        "ஊ",
        "எ",
        "ஏ",
        "ஐ",
        "ஒ",
        "ஓ",
        "க",
        "ங",
        "ச",
        "ஜ",
        "ஞ",
        "ட",
        "ண",
        "த",
        "ந",
        "ன",
        "ப",
        "ம",
        "ய",
        "ர",
        "ற",
        "ல",
        "ள",
        "ழ",
        "வ",
        "ஷ",
        "ஸ",
        "ஹ",
        "ா",
        "ி",
        "ீ",
        "ு",
        "ூ",
        "ெ",
        "ே",
        "ை",
        "ொ",
        "ோ",
        "ௌ",
        "்"
      ],
      "english_charset": [
        "a",
        "b",
        "c",
        "d",
        "e",
        "f",
        "g",
        "h",
        "i",
        "j",
        "k",
        "l",
        "m",
        "n",
        "o",
        "p",
        "q",
        "r",
        "s",
        "t",
        "u",
        "v",
        "w",
        "x",
        "y",
        "z"
      ],
      "native_charset_size": 46,