{
  "train": {
    "length_stats": {
      "native_length_dist": {
        "1": 3,
        "2": 130,
        "3": 3435,
        "4": 25805,
        "5": 68819,
        "6": 158323,
        "7": 192196,
        "8": 270423,
        "9": 269454,
        "10": 291082,
        "11": 261520,
        "12": 237404,
        "13": 191986,
        "14": 151231,
        "15": 111797,
        "16": 80793,
        "17": 55684,
        "18": 36640,
        "19": 22709,
        "20": 52,
        "21": 18,
        "22": 16,
        "23": 9,
        "24": 5,
        "25": 4,
        "26": 3,
        "29": 3,
        "30": 2,
        "31": 1,
        "35": 1,
        "37": 1,
        "38": 2,
        "39": 1,
        "42": 2,
        "46": 1,
        "48": 2,
        "49": 1,
        "89": 1,
        "96": 1,
        "103": 1,
        "132": 1
      },
      "english_length_dist": {
        "1": 19,
        "2": 256,
        "3": 5054,
        "4": 14200,
        "5": 52476,
        "6": 103822,
        "7": 147567,
        "8": 175781,
        "9": 196882,
        "10": 216203,
        "11": 221831,
        "12": 220904,
        "13": 211356,
        "14": 192735,
        "15": 168389,
        "16": 139552,
        "17": 112525,
        "18": 85995,
        "19": 62045,
        "20": 42502,
        "21": 27120,
        "22": 16027,
        "23": 8844,
        "24": 4290,
        "25": 1982,
        "26": 770,
        "27": 300,
        "28": 83,
        "29": 32,
        "30": 5,
        "31": 2,
        "32": 1,
        "34": 1,
        "36": 2,
        "37": 1,
        "38": 1,
        "42": 2,
        "43": 1,
        "75": 1,
        "86": 1,
        "88": 1,
        "89": 1
      },
      "avg_native_length": 10.537578378324982,
      "avg_english_length": 12.111891773085025,
      "total_words": 2429562,
      "total_pairs": 2429562,
      "missing_fields": {
        "native": 0,
        "english": 0
      }
    },
    "char_stats": {
      "native_charset": [
        "ఁ",
        "ం",
        "ః",
        "అ",
        "ఆ",
        "ఇ",
        "ఈ",
        "ఉ",
        "ఊ",
        "ఋ",
        "ఎ",
        "ఏ",
        "ఐ",
        "ఒ",
        "ఓ",
        "ఔ",
        "క",
        "ఖ",
        "గ",
        "ఘ",
        "ఙ",
        "చ",
        "ఛ",
        "జ",
        "ఝ",
        "ఞ",
        "ట",
        "ఠ",
        "డ",
        "ఢ",
        "ణ",
        "త",
        "థ",
        "ద",
        "ధ",
        "న",
        "ప",
        "ఫ",
        "బ",
        "భ",
        "మ",
        "య",
        "ర",
        "ఱ",
        "ల",
        "ళ",
        "వ",
        "శ",
        "ష",
        "స",
        "హ",
        "ా",
        "ి",
        "ీ",
        "ు",
        "ూ",
        "ృ",
        "ౄ",
        "ె",
        "ే",
        "ై",
        "ొ",
        "ో",
        "ౌ",
        "్"
      ],
      "english_charset": [
        "a",
        "b",
        "c",
        "d",
        "e",
        "f",
        "g",
        "h",
        "i",
        "j",
        "k",
        "l",
        "m",
        "n",
        "o",
        "p",
        "q",
        "r",
        "s",
        "t",
        "u",
        "v",
        "w",
        "x",
        "y",
        "z"
      ],
      "native_charset_size": 65,
      "english_charset_size": 26
    },
    "source_stats": {
      "Dakshina": 50927,
      "Existing": 24056,
      "Wikidata": 26,
      "Samanantar": 42413,
      "IndicCorp": 2312140
    },
    "score_stats": {
      "min_score": -0.3499996737,
      "max_score": -0.0021416108,
      "mean_score": -0.13169950732085878,
      "median_score": -0.10592125915,
      "total_scores": 2312140,
      "missing_scores": 117422
    }
  },
  "test": {
    "length_stats": {
      "native_length_dist": {
        "1": 6,
        "2": 22,
        "3": 164,
        "4": 784,
        "5": 963,
        "6": 1615,
        "7": 1435,
        "8": 1376,
        "9": 985,
        "10": 845,
        "11": 590,
        "12": 423,
        "13": 242,
        "14": 204,
        "15": 164,
        "16": 123,
        "17": 114,
        "18": 77,
        "19": 61,
        "20": 67
      },
      "english_length_dist": {
        "1": 1,
        "2": 13,
        "3": 82,
        "4": 439,
        "5": 850,
        "6": 1097,
        "7": 1149,
        "8": 1089,
        "9": 1066,
        "10": 947,
        "11": 797,
        "12": 659,
        "13": 509,
        "14": 385,
        "15": 314,
        "16": 216,
        "17": 174,
        "18": 127,
        "19": 107,
        "20": 73,
        "21": 56,
        "22": 47,
        "23": 25,
        "24": 26,
        "25": 7,
        "26": 4,
        "27": 1
      },
      "avg_native_length": 8.223196881091617,
      "avg_english_length": 9.549707602339181,
      "total_words": 10260,
      "total_pairs": 10260,
      "missing_fields": {
        "native": 0,
        "english": 0
      }
    },
    "char_stats": {
      "native_charset": [
        "ం",
        "ః",
        "అ",
        "ఆ",
        "ఇ",
        "ఈ",
        "ఉ",
        "ఊ",
        "ఋ",
        "ఎ",
        "ఏ",
        "ఐ",
        "ఒ",
        "ఓ",
        "ఔ",
        "క",
        "ఖ",
        "గ",
        "ఘ",
        "చ",
        "ఛ",
        "జ",
        "ఝ",
        "ఞ",
        "ట",
        "ఠ",
        "డ",
        "ఢ",
        "ణ",
        "త",
        "థ",
        "ద",
        "ధ",
        "న",
        "ప",
        "ఫ",
        "బ",
        "భ",
        "మ",
        "య",
        "ర",
        "ఱ",
        "ల",
        "ళ",
        "వ",
        "శ",
        "ష",
        "స",
        "హ",
        "ా",
        "ి",
        "ీ",
        "ు",
        "ూ",
        "ృ",
        "ె",
        "ే",
        "ై",
        "ొ",
        "ో",
        "ౌ",
        "్"
      ],
      "english_charset": [
        "a",
        "b",
        "c",
        "d",
        "e",
        "f",
        "g",
        "h",
        "i",
        "j",
        "k",
        "l",
        "m",
        "n",
        "o",
        "p",
        "q",
        "r",
        "s",
        "t",
        "u",
        "v",
        "w",
        "x",
        "y",
        "z"
      ],
      "native_charset_size": 62,
      "english_charset_size": 26
    },
    "source_stats": {
      "AK-Freq": 2241,
      "AK-NEF": 948,
      "AK-NEI": 1347,
      "Dakshina": 5724
    },
    "score_stats": {
      "min_score": null,
      "max_score": null,
      "mean_score": null,
      "median_score": null,
      "total_scores": 0,
      "missing_scores": 10260
    }
  },
  "valid": {
    "length_stats": {
      "native_length_dist": {
        "1": 2,
        "2": 12,
        "3": 170,
        "4": 472,
        "5": 696,
        "6": 1101,
        "7": 1074,
        "8": 1059,
        "9": 756,
        "10": 715,
        "11": 522,
        "12": 383,
        "13": 265,
        "14": 151,
        "15": 119,
        "16": 95,
        "17": 40,
        "18": 24,
        "19": 25
      },
      "english_length_dist": {
        "1": 2,
        "2": 8,
        "3": 53,
        "4": 211,
        "5": 436,
        "6": 622,
        "7": 805,
        "8": 853,
        "9": 861,
        "10": 785,
        "11": 699,
        "12": 589,
        "13": 493,
        "14": 377,
        "15": 292,
        "16": 193,
        "17": 148,
        "18": 109,
        "19": 75,
        "20": 21,
        "21": 22,
        "22": 9,
        "23": 8,
        "24": 6,
        "25": 3,
        "28": 1
      },
      "avg_native_length": 8.233693529488347,
      "avg_english_length": 9.935815649004036,
      "total_words": 7681,
      "total_pairs": 7681,
      "missing_fields": {
        "native": 0,
        "english": 0
      }
    },