{
  "train": {
    "length_stats": {
      "native_length_dist": {
        "1": 28,
        "2": 444,
        "3": 7593,
        "4": 48842,
        "5": 114614,
        "6": 146443,
        "7": 131515,
        "8": 97253,
        "9": 62920,
        "10": 38702,
        "11": 22425,
        "12": 12588,
        "13": 7125,
        "14": 4020,
        "15": 2087,
        "16": 1212,
        "17": 653,
        "18": 367,
        "19": 193
      },
      "english_length_dist": {
        "1": 3,
        "2": 61,
        "3": 874,
        "4": 6982,
        "5": 36515,
        "6": 91316,
        "7": 127900,
        "8": 122124,
        "9": 97725,
        "10": 71401,
        "11": 48930,
        "12": 33705,
        "13": 22501,
        "14": 14551,
        "15": 9206,
        "16": 5842,
        "17": 3508,
        "18": 2246,
        "19": 1457,
        "20": 942,
        "21": 572,
        "22": 314,
        "23": 186,
        "24": 88,
        "25": 38,
        "26": 27,
        "27": 9,
        "28": 1
      },
      "avg_native_length": 7.069037686831925,
      "avg_english_length": 8.685355581496486,
      "total_words": 699024,
      "total_pairs": 699024,
      "missing_fields": {
        "native": 0,
        "english": 0
      }
    },
    "char_stats": {
      "native_charset": [
        "،",
        "ؓ",
        "ء",
        "آ",
        "ؤ",
        "ئ",
        "ا",
        "ب",
        "ت",
        "ث",
        "ج",
        "ح",
        "خ",
        "د",
        "ذ",
        "ر",
        "ز",
        "س",
        "ش",
        "ص",
        "ض",
        "ط",
        "ظ",
        "ع",
        "غ",
        "ف",
        "ق",
        "ل",
        "م",
        "ن",
        "و",
        "ّ",
        "ٓ",
        "ٔ",
        "ٖ",
        "ٗ",
        "ٹ",
        "پ",
        "چ",
        "ڈ",
        "ڑ",
        "ژ",
        "ک",
        "گ",
        "ں",
        "ھ",
        "ہ",
        "ۃ",
        "ی",
        "ے",
        "ۓ"
      ],
      "english_charset": [
        "a",
        "b",
        "c",
        "d",
        "e",
        "f",
        "g",
        "h",
        "i",
        "j",
        "k",
        "l",
        "m",
        "n",
        "o",
        "p",
        "q",
        "r",
        "s",
        "t",
        "u",
        "v",
        "w",
        "x",
        "y",
        "z"
      ],
      "native_charset_size": 51,
      "english_charset_size": 26
    },
    "source_stats": {
      "Dakshina": 73666,
      "AK-Uni": 2445,
      "Existing": 2554,
      "IndicCorp": 620359
    },
    "score_stats": {
      "min_score": -0.349999994,
      "max_score": -0.0135129103,
      "mean_score": -0.22413792293605508,
      "median_score": -0.2237708978,
      "total_scores": 620359,
      "missing_scores": 78665
    }
  },
  "test": {
    "length_stats": {
      "native_length_dist": {
        "1": 10,
        "2": 184,
        "3": 1178,
        "4": 3383,
        "5": 3889,
        "6": 2897,
        "7": 1609,
        "8": 799,
        "9": 431,
        "10": 255,
        "11": 122,
        "12": 58,
        "13": 30,
        "14": 22,
        "15": 4,
        "16": 1,
        "17": 4,
        "19": 2
      },
      "english_length_dist": {
        "1": 5,
        "2": 49,
        "3": 304,
        "4": 1184,
        "5": 2595,
        "6": 3111,
        "7": 2727,
        "8": 2002,
        "9": 1191,
        "10": 710,
        "11": 423,
        "12": 259,
        "13": 143,
        "14": 69,
        "15": 45,
        "16": 23,
        "17": 18,
        "18": 11,
        "19": 3,
        "20": 1,
        "21": 2,
        "23": 1,
        "25": 1,
        "27": 1
      },
      "avg_native_length": 5.462629385670117,
      "avg_english_length": 6.898978357306089,
      "total_words": 14878,
      "total_pairs": 14878,
      "missing_fields": {
        "native": 0,
        "english": 0
      }
    },
    "char_stats": {
      "native_charset": [
        "؁",
        "ؑ",
        "ؓ",
        "ء",
        "آ",
        "ؤ",
        "ئ",
        "ا",
        "ب",
        "ت",
        "ث",
        "ج",
        "ح",
        "خ",
        "د",
        "ذ",
        "ر",
        "ز",
        "س",
        "ش",
        "ص",
        "ض",
        "ط",
        "ظ",
        "ع",
        "غ",
        "ف",
        "ق",
        "ك",
        "ل",
        "م",
        "ن",
        "ه",
        "و",
        "ي",
        "ً",
        "َ",
        "ُ",
        "ِ",
        "ّ",
        "ٔ",
        "ٖ",
        "ٗ",
        "٘",
        "ٰ",
        "ٴ",
        "ٹ",
        "پ",
        "چ",
        "ڈ",
        "ڑ",
        "ژ",
        "ک",
        "گ",
        "ں",
        "ھ",
        "ہ",
        "ۃ",
        "ی",
        "ے",
        "ۓ"
      ],
      "english_charset": [
        "a",
        "b",
        "c",
        "d",
        "e",
        "f",
        "g",
        "h",
        "i",
        "j",
        "k",
        "l",
        "m",
        "n",
        "o",
        "p",
        "q",
        "r",
        "s",
        "t",
        "u",
        "v",
        "w",
        "x",
        "y",
        "z"
      ],
      "native_charset_size": 61,
      "english_charset_size": 26
    },
    "source_stats": {
      "AK-Uni": 2437,
      "AK-NEF": 816,
      "AK-NEI": 1174,
      "Dakshina": 10451
    },
    "score_stats": {
      "min_score": null,
      "max_score": null,
      "mean_score": null,
      "median_score": null,
      "total_scores": 0,
      "missing_scores": 14878
    }
  },
  "valid": {
    "length_stats": {
      "native_length_dist": {
        "1": 6,
        "2": 172,
        "3": 1003,
        "4": 2900,
        "5": 3255,
        "6": 2567,
        "7": 1352,
        "8": 573,
        "9": 303,
        "10": 119,
        "11": 78,
        "12": 42,
        "13": 25,
        "14": 13,
        "15": 3,
        "16": 5,
        "18": 1,
        "19": 2
      },
      "english_length_dist": {
        "1": 1,
        "2": 36,
        "3": 267,
        "4": 957,
        "5": 2099,
        "6": 2656,
        "7": 2336,
        "8": 1774,
        "9": 1062,
        "10": 559,
        "11": 292,
        "12": 154,
        "13": 93,
        "14": 55,
        "15": 24,
        "16": 23,
        "17": 11,
        "18": 8,
        "19": 5,
        "20": 2,
        "21": 3,
        "22": 2
      },
      "avg_native_length": 5.366857234882036,
      "avg_english_length": 6.8576374909413,
      "total_words": 12419,
      "total_pairs": 12419,
      "missing_fields": {
        "native": 0,
        "english": 0
      }
    },
    "char_stats": {
      "native_charset": [
        "ء",
        "آ",
        "ؤ",
        "ئ",
        "ا",
        "ب",
        "ت",
        "ث",
        "ج",
        "ح",
        "خ",
        "د",
        "ذ",
        "ر",
        "ز",
        "س",
        "ش",
        "ص",
        "ض",
        "ط",
        "ظ",
        "ع",
        "غ",
        "ف",
        "ق",
        "ك",
        "ل",
        "م",
        "ن",
        "ه",
        "و",
        "ي",
        "ً",
        "َ",
        "ُ",
        "ِ",
        "ّ",
        "ٰ",
        "ٹ",
        "پ",
        "چ",
        "ڈ",
        "ڑ",
        "ژ",
        "ک",
        "گ",
        "ں",
        "ھ",
        "ہ",
        "ۃ",
        "ی",
        "ے",
        "ۓ"
      ],
      "english_charset": [
        "a",
        "b",
        "c",
        "d",
        "e",
        "f",
        "g",
        "h",
        "i",
        "j",
        "k",
        "l",
        "m",
        "n",
        "o",
        "p",
        "q",
        "r",
        "s",
        "t",
        "u",
        "v",
        "w",
        "x",
        "y",
        "z"
      ],
      "native_charset_size": 53,
      "english_charset_size": 26
    },
    "source_stats": {
      "IndicCorp": 2792,
      "Dakshina": 9627
    },
    "score_stats": {
      "min_score": -0.3499712497,
      "max_score": -0.0225843792,
      "mean_score": -0.22214077736318052,
      "median_score": -0.2218772378,